PairID,Protocol/Results,PMCID,Link,Text,Centers (select the best answer),Used full article,Notes
1,Protocol,PMC3117715,https://www.ncbi.nlm.nih.gov/pmc/articles/PMC3117715/,"...The study population comprises patients admitted to the Acute Medical Admissions Unit of a single large teaching hospital (providing sole emergency general medical services for its catchment population), who are aged over 65, and thought to be 'confused' on initial assessment by the clinical team responsible for their care....",Single,No,
1,Results,PMC3698942,https://www.ncbi.nlm.nih.gov/pmc/articles/PMC3698942/,...We recruited patients admitted for acute medical care to a large British National Health Service hospital providing sole emergency medical services for its local population....,Single,No,
2,Protocol,PMC3120681,https://www.ncbi.nlm.nih.gov/pmc/articles/PMC3120681/,"...This is an assessor-blinded, parallel-group, multi-centre randomized controlled trial....The pilot study will be a multi-centre study involving:...",Multiple ,No,
2,Results,PMC6040068,https://www.ncbi.nlm.nih.gov/pmc/articles/PMC6040068/,"...The Strategic Use of New generation antidepressants for Depression (SUN‚ò∫D) is a multi-centre, open-label, assessor-blinded, pragmatic RCT that involved two randomisation steps to examine the first- and second-line treatment strategies for untreated unipolar major depressive episodes. The study was conducted in the departments of psychiatry at 48 clinics and hospitals across Japan between December 2010 and September 2015....",Multiple ,No,
3,Protocol,PMC3355035,https://www.ncbi.nlm.nih.gov/pmc/articles/PMC3355035/,...Fifty seven severely fatigued and 21 non-fatigued cancer survivors will be recruited from the Radboud University Nijmegen Medical Centre....,Single,No,
3,Results,PMC4260077,https://www.ncbi.nlm.nih.gov/pmc/articles/PMC4260077/,"...The local ethics committee of the Radboud University Nijmegen Medical Centre (RUNMC, Nijmegen, the Netherlands) approved the study and all participants provided written informed consent....",Single,No,
4,Protocol,PMC3418177,https://www.ncbi.nlm.nih.gov/pmc/articles/PMC3418177/,...Children with spastic uCP will be recruited via the CP-care program of the University Hospitals Leuven....,Single,No,
4,Results,PMC3770709,https://www.ncbi.nlm.nih.gov/pmc/articles/PMC3770709/,...Children with uCP were recruited between June 2014 and June 2017 via the cerebral palsy (CP) reference centre of the University Hospitals Leuven....,Single,No,
5,Protocol,PMC6069849,https://www.ncbi.nlm.nih.gov/pmc/articles/PMC6069849/,"...In a multi-centre, 12-month, superiority trial, we will randomise patients with TRD and history of DSH to (i) add lithium to usual treatment (add-on lithium strategy) or (ii) avoid lithium in usual treatment (without-lithium strategy)....",Multiple ,No,
5,Results,PMC6977217,https://www.ncbi.nlm.nih.gov/pmc/articles/PMC6977217/,"...The study was funded by the Italian Medicine Agency and received ethical approval in each participating site....On this occasion, however, of more than 50 Italian community psychiatric services that were initially interested in the study, only 22 were able to contribute and randomised at least one patient....",Multiple ,No,
6,Protocol,PMC3751729,https://www.ncbi.nlm.nih.gov/pmc/articles/PMC3751729/,"...This is a multi-centre hospital ED / AMU open label, randomised controlled trial of participants aged ‚â• 16 years presenting with an episode of palpitations or pre-syncope and whose underlying ECG rhythm during these episodes remains undiagnosed after ED assessment....EDs and AMUs of 10 tertiary and district general hospitals in the UK....The IPED study will recruit 242 participants across 10 hospital sites....",Multiple ,No,
6,Results,PMC4210495,https://www.ncbi.nlm.nih.gov/pmc/articles/PMC4210495/,"...Multi-centre open label randomised controlled trial in EDs and Acute Medical Units (AMU) of 10 tertiary and district general hospitals in the UK....Between 4 July 2016 and 9 January 2018, 243 participants were recruited to the study at 10 centres (Edinburgh 66 participants, 27.2%, Reading 57, 23.5%, Royal London 43, 17.7%, Exeter 24, 9.9%, Plymouth 15, 6.2%, Chesterfield 12, 4.9%, Leicester 12, 4.9%, Musgrove Park 5, 2.1%, Nottingham 5, 2.1%, Whipps Cross 4, 1.6%)....",Multiple ,No,
7,Protocol,PMC6311046,https://www.ncbi.nlm.nih.gov/pmc/articles/PMC6311046/,"...Twelve CHCs were randomly assigned (see below) as intervention sites or standard of care sites, stratified by antenatal care clinic case load in the upper 50th percentile of MTCT rates (>13%)....The twelve CHCs were matched in a 1:1 ratio according to patient census and average ANC volume, and one clinic in each pair was randomly assigned to the experimental or control condition using a computer program written by the data manager....",Multiple ,No,
7,Results,PMC6537555,https://www.ncbi.nlm.nih.gov/pmc/articles/PMC6537555/,"...Twelve CHCs were randomly assigned as intervention sites or standard of care sites, stratified by antenatal care clinic case load in the upper 50th percentile of MTCT rates at the onset of the study (> 13%)....The twelve CHCs were matched in a 1:1 ratio according to patient census, average ANC volume, and MTCT rates; one clinic in each pair was randomly assigned to the experimental or control condition using a computer program written by the data manager....",Multiple ,No,
8,Protocol,PMC4219009,https://www.ncbi.nlm.nih.gov/pmc/articles/PMC4219009/,"...This study was financially supported by a contract with Ministry for Food, Agriculture, Forestry and Fisheries (MIFAFF)/Korea Food Research Institute (KFRI)/Institute of Jinan Red Ginseng (IJRG) and is being conducted at the Clinical Trial Center for Functional Food of Chonbuk National University Hospital.",Single,No,
8,Results,PMC5732507,https://www.ncbi.nlm.nih.gov/pmc/articles/PMC5732507/,"...This study was a 12 weeks, randomized, double-blind, placebo-controlled clinical trial at the onset of the influenza season at the Chonbuk National University Hospital (Fig. 1)....",Single,No,
9,Protocol,PMC3297520,https://www.ncbi.nlm.nih.gov/pmc/articles/PMC3297520/,"...The Prospective, Randomized Trial on Intensive SMBG Management Added Value in Non-insulin-Treated T2DM Patients (PRISMA) is a 12-month, prospective, multicenter, open, parallel group, randomized, and controlled clinical trial that was designed to evaluate the added value of an intensive, structured SMBG regimen in T2DM patients treated with oral agents and/or diet alone (Fig. 1)....Participants will be recruited from 39 clinical sites in Italy, including diabetes outpatient clinics affiliated with academic institutions and hospitals of the Italian National Health Care System....",Multiple ,No,
9,Results,PMC3524425,https://www.ncbi.nlm.nih.gov/pmc/articles/PMC3524425/,"...This was a 12-month, prospective, multicenter, open-label, parallel-group, randomized, controlled clinical trial; the full protocol was previously reported (16)....The trial was conducted at 39 diabetes clinics in Italy....",Multiple ,No,
10,Protocol,PMC3898142,https://www.ncbi.nlm.nih.gov/pmc/articles/PMC3898142/,"...* Strengths include the stratified randomisation, double-blind placebo-controlled design and being a multicenter trial....Subjects will be randomised 1:1 after stratification for site (OUH, Svendborg Hospital, Vejle Hospital or Silkeborg Hospital) and AVC score (300‚Äì599 or ‚â•600). Each site will be provided with sequentially numbered, opaque and sealed envelopes containing randomly generated treatment allocations....",Multiple ,No,
10,Results,PMC3781531,https://www.ncbi.nlm.nih.gov/pmc/articles/PMC3781531/,"...This study was an investigator-initiated multicenter, randomized, double- blinded, placebo-controlled trial conducted at 4 Danish hospitals (Odense, Svendborg, Vejle, and Silkeborg)....From February 1, 2018, to March 21, 2019, a total of 389 patients were enrolled at 4 centers....",Multiple ,No,
11,Protocol,PMC6112404,https://www.ncbi.nlm.nih.gov/pmc/articles/PMC6112404/,"...The study, a RCT, will assign 440 opioid users from three addiction treatment centers to receive either MAT + A-CHESS or MAT alone....Patients will be recruited from outpatient detoxification and treatment programs at three sites, two in Massachusetts and one in Wisconsin....",Multiple ,No,
11,Results,PMC9047644,https://www.ncbi.nlm.nih.gov/pmc/articles/PMC9047644/,...Individuals with diagnosed OUD of at least moderate severity who were receiving addiction treatment at 3 centers in Massachusetts and Wisconsin were randomly assigned in a 1:1 ratio to receive either MAT alone (control arm) or MAT+A-CHESS (experimental arm)....,Multiple ,No,
12,Protocol,PMC5153683,https://www.ncbi.nlm.nih.gov/pmc/articles/PMC5153683/,"...This is a prospective, single-centre, investigator-blinded, randomised, parallel group design trial conducted at the Center of Thrombosis and Hemostasis of the University Center Mainz, Germany in collaboration with the Department of Medicine II, the Institute for Clinical Chemistry and Laboratory Medicine, the Institute of Medical Biostatistics, Epidemiology and Informatics, the Pharmacy and the Interdisciplinary Center for Clinical Studies....",Single,No,
12,Results,PMC7939944,https://www.ncbi.nlm.nih.gov/pmc/articles/PMC7939944/,"...After enrollment in the study, women will be invited to go to the Epidemiology Research Center to collect baseline data, that is, blood and urine sampling, anthropometry, blood pressure and lung function....",Single,No,
13,Protocol,PMC4025413,https://www.ncbi.nlm.nih.gov/pmc/articles/PMC4025413/,"...Phase 2 consist of a multi-centric RCT to assess the effectiveness of a six- month primary care intervention to reduce the daily hours of sedestation as well as to increase their weekly caloric spend at the end of the intervention and at short, medium and long term among overweight and mild obese persons....Recruitment will take place in 13 PHC in different regions of Spain (Barcelona, Lleida, Zaragoza and Almeria)....",Multiple ,No,
13,Results,PMC8710519,https://www.ncbi.nlm.nih.gov/pmc/articles/PMC8710519/,...The participants were recruited from two primary care centers in the city of Zaragoza (Spain) from September 2013 to September 2014....,Multiple ,No,
14,Protocol,PMC4446829,https://www.ncbi.nlm.nih.gov/pmc/articles/PMC4446829/,"...A pragmatic, 3-group, randomised, assessor-blinded, single-centre trial exploring the cardiovascular physiological effects of the use of e-cigarettes (nicotine-free and nicotine-inclusive, assessed separately) combined with behavioural support as a smoking cessation method in comparison to the combination of NRT and behavioural support....",Single,No,
14,Results,PMC5741924,https://www.ncbi.nlm.nih.gov/pmc/articles/PMC5741924/,"...This single-center pragmatic three-arm randomized controlled trial was conducted in Sheffield, UK; recruitment took place between June 2017 and July 2019....",Single,No,
15,Protocol,PMC3973868,https://www.ncbi.nlm.nih.gov/pmc/articles/PMC3973868/,"...The CRASH-3 trial is an international, multicenter, pragmatic, randomized, double-blind, placebo-controlled trial to quantify the effects of the early administration (within 8 h of injury) of TXA on death and disability in TBI patients....Patient recruitment is planned to take place in over 30 countries and is due to start in April 2012....",Multiple ,No,
15,Results,PMC8296136,https://www.ncbi.nlm.nih.gov/pmc/articles/PMC8296136/,"...The CRASH-3 trial was an international, multi-centre, randomised, placebo- controlled trial of the effects of tranexamic acid on death and disability in patients with TBI....Between July 20, 2012, and Jan 31, 2019, we recruited patients with TBI from 175 hospitals in 29 countries....",Multiple ,No,
16,Protocol,PMC5379660,https://www.ncbi.nlm.nih.gov/pmc/articles/PMC5379660/,"...A multicenter randomized controlled trial, called ACU-COL, started in January 2013 and will collect data until May 2015....Two of the four study centers are located outside the second and third biggest cities in Sweden and the remaining two in smaller cities....",Multiple ,No,
16,Results,PMC9380327,https://www.ncbi.nlm.nih.gov/pmc/articles/PMC9380327/,"...We performed a multicentre three-armed RCT (ACU-COL) to compare two styles of acupuncture as an adjunct to gold standard care with gold standard care alone (no acupuncture) in infants with colic. The study was conducted at four CHCs in Sweden, which comprised two centres located close to the second and third biggest cities in Sweden, and two in smaller cities....As infants were randomised into two strata (ages 2‚Äì5 and 6‚Äì9 weeks, respectively), two randomisation lists were created for each study centre....",Multiple ,No,
17,Protocol,PMC3481366,https://www.ncbi.nlm.nih.gov/pmc/articles/PMC3481366/,...The study is currently being carried out at four primary healthcare centers (PHC) located in low-income communities in peri-urban areas of Karachi (Fig. 1)....,Multiple ,No,
17,Results,PMC6853170,https://www.ncbi.nlm.nih.gov/pmc/articles/PMC6853170/,"...This was an investigator initiated double blind randomized controlled non- inferiority trial at four Primary Health Care Centers (PHCs) run by the Department of Pediatrics and Child Health, Aga Khan University....Participants who self-referred to primary health care centers (PHCs) in contiguously located peri urban sites in Karachi, Pakistan were recruited after being triaged for cough or difficulty breathing....",Multiple ,No,
18,Protocol,PMC4570710,https://www.ncbi.nlm.nih.gov/pmc/articles/PMC4570710/,"...Among the four participating districts, 52 CHO areas were identified and categorized as either ‚Äúnear‚Äù (‚â§ 10 km) and ‚Äúfar‚Äù (> 10 km) from a facility with capacity for emergency obstetric care....",Multiple ,No,
18,Results,PMC5466913,https://www.ncbi.nlm.nih.gov/pmc/articles/PMC5466913/,"...Study participants are recruited from outpatient clinics, located in Mansoura City, the capital of Dakahlia Governorate, and surrounding cities located within a radius of 30 km from the capital city....",Multiple ,No,
19,Protocol,PMC5859815,https://www.ncbi.nlm.nih.gov/pmc/articles/PMC5859815/,"...In this community-based study, the participants were approached by physicians and nurses at seven outpatient clinics located in Mansoura City, the capital of Dakahlia Governorate, and surrounding cities within a 30 km radius....",Multiple ,No,
19,Results,PMC7877039,https://www.ncbi.nlm.nih.gov/pmc/articles/PMC7877039/,"...The study was designed as a three-armed, randomized, and controlled trial in two delivery wards in two different hospitals in Sweden....All nulliparous women who were in gestational week 34‚Äì36 and attended regular checkups with a midwife at the antenatal clinics connected to the two hospitals received written and oral information about the study and an address to an informative study website (http://www.akupunkturstudien.se)....",Multiple ,No,
20,Protocol,PMC4710982,https://www.ncbi.nlm.nih.gov/pmc/articles/PMC4710982/,...The recruitment of participants took place between November 2008 and October 2011 at two hospital delivery wards in Sweden....,Multiple ,No,
20,Results,PMC7244232,https://www.ncbi.nlm.nih.gov/pmc/articles/PMC7244232/,"...We then conducted probability proportional to estimated size (PPES) random sampling of the resulting village clusters, with the estimated number of eligible households as the measure of cluster size [30]....",Multiple ,No,
21,Protocol,PMC3406972,https://www.ncbi.nlm.nih.gov/pmc/articles/PMC3406972/,"...The Enteral vs. Intravenous Italian Trial (SedaEN) is a randomized, controlled, multicenter, single-blind trial (clinicaltrials.gov # NCT01360346), which aims to compare the efficacy of two different clinical approaches for sedative therapies (Figure 2): in the control group propofol and midazolam are continuously administered through intravenous route with daily interruption [8]....Considering missing data, 300 patients were expected to be enrolled among the 12 centers....",Multiple ,No,
21,Results,PMC3794862,https://www.ncbi.nlm.nih.gov/pmc/articles/PMC3794862/,"...Briefly, the ‚ÄúEnteral versus intravenous sedation trial (SedaEN)‚Äù is a randomized, controlled, multicenter, single-blind trial (ClinicalTrials.gov,  NCT01360346), to compare two protocols for sedation management, both used after adequate analgesia....",Multiple ,No,
22,Protocol,PMC7745514,https://www.ncbi.nlm.nih.gov/pmc/articles/PMC7745514/,"...Villages receiving Sprinkles or CSB++ will be excluded based on information provided by UNICEF, WFP and the Ministry of Health. Small villages that are close to each other may merged into one site, or large villages split into multiple sites, in order to create sites of similar sizes....",Multiple ,No,
22,Results,PMC8852666,https://www.ncbi.nlm.nih.gov/pmc/articles/PMC8852666/,"...The trial was conducted using Way to Health [21], an automated information technology platform at the University of Pennsylvania that integrates wireless devices, conducts clinical trial randomization and enrollment processes, delivers messaging (via text or email), delivers self- administered surveys, automates payment transfers, and securely captures data for research purposes....",Single,No,
23,Protocol,PMC3345610,https://www.ncbi.nlm.nih.gov/pmc/articles/PMC3345610/,"...The study was conducted using Way to Health,21 a research technology platform at the University of Pennsylvania used previously for remote monitoring and behavioral interventions.18,19,23,24,25,26,27...Potential participants were identified from the electronic health records at Penn Medicine and invited to learn more about the study online....",Single,No,
23,Results,PMC4055800,https://www.ncbi.nlm.nih.gov/pmc/articles/PMC4055800/,"...Participants were recruited from three academic primary care clinics, 2 suburban and 1 hospital-based primary care clinic....",Multiple ,No,
24,Protocol,PMC5935890,https://www.ncbi.nlm.nih.gov/pmc/articles/PMC5935890/,"...We recruited participants from 2 suburban and 1 urban primary care clinic within an academic health center in Northern California....Following telephone consent, we used Research Electronic Data Capture to randomize participants to 1 of the 2 groups in a 1:1 ratio, stratified by clinic site, to either the usual care (control group) or the P2E2T2 program....",Multiple ,No,
24,Results,PMC6546207,https://www.ncbi.nlm.nih.gov/pmc/articles/PMC6546207/,"...An open-label, non-inferiority, multi-centre, individually randomised controlled trial....Trial sites are in three locations, each in endemic areas for VL....",Multiple ,No,
25,Protocol,PMC3651718,https://www.ncbi.nlm.nih.gov/pmc/articles/PMC3651718/,"...The study was designed as a multi-centre, open-label, non-inferiority, randomized controlled trial, using a sequential-step design to evaluate the efficacy and safety of a single dose treatment regimen of intravenous AmBisome¬Æ (either 7.5, 10.0, 12.5 or 15.0 mg/kg body weight) compared to the reference multiple dose regimen currently approved in the USA: 3 mg/kg body weight on days 1 to 5, 14, and 21....",Multiple ,No,
25,Results,PMC6323792,https://www.ncbi.nlm.nih.gov/pmc/articles/PMC6323792/,"...The trial will be conducted at the Norwegian University of Science and Technology and the St.Olavs Hospital, Trondheim University Hospital....",Multiple ,No,
26,Protocol,PMC5857085,https://www.ncbi.nlm.nih.gov/pmc/articles/PMC5857085/,"...The Exercise Training in Pregnancy (ETIP) trial was a single-center, parallel- group RCT of regular exercise training during pregnancy compared to standard maternity care in women with prepregnancy BMI ‚â• 28 kg/m2....",Single,No,
26,Results,PMC7038903,https://www.ncbi.nlm.nih.gov/pmc/articles/PMC7038903/,"...Fifty community-based addiction treatment programs located in the State of Washington will be assigned to one of two cohorts (Fig. 2) during an index 12-month period: 1) NIATx implementation strategies (Cohort 1), or 2) wait- list control (Cohort 2)....",Single,No,
27,Protocol,PMC6893558,https://www.ncbi.nlm.nih.gov/pmc/articles/PMC6893558/,...The remaining 49 agencies were assigned at baseline to either the NIATx strategy (n = 25) or waitlist (n = 24) study arms....,Multiple ,No,
27,Results,PMC8144928,https://www.ncbi.nlm.nih.gov/pmc/articles/PMC8144928/,"...Patients were interviewed and treated at the Integrative Medicine outpatient clinic (CHAMP) of the Charit√© ‚Äì Universit√§tsmedizin Berlin, by a medical doctor specialized in homeopathy with 20 years experience in classical homeopathy....",Single,No,
28,Protocol,PMC5832903,https://www.ncbi.nlm.nih.gov/pmc/articles/PMC5832903/,...This study is a prospective randomized controlled trial and will be completed in Acupuncture Department of Guang'anmen Hospital affiliated to China Academy of Chinese Medical Sciences from Sep....,Single,No,
28,Results,PMC7076411,https://www.ncbi.nlm.nih.gov/pmc/articles/PMC7076411/,"...This was a randomized control trial which was performed at the Acupuncture Department of Guang An Men Hospital, China Academy of Chinese Medical Sciences....",Single,No,
29,Protocol,PMC3061925,https://www.ncbi.nlm.nih.gov/pmc/articles/PMC3061925/,"...This cluster randomized controlled trial, conducted internationally across the UK, France and Canada, will enable accrual of a larger sample of culturally diverse women in whom to test the continence promotion intervention....The Continence Across Continents To Upend Stigma and Dependency (CACTUS-D) study is an open-label, two-arm, parallel group, multi-national cluster randomized controlled trial to be conducted across four sites....",Multiple ,No,
29,Results,PMC3894173,https://www.ncbi.nlm.nih.gov/pmc/articles/PMC3894173/,"...The trial design was a pragmatic, open-label, two-arm, international, multi- site cluster-randomised controlled trial [4]....",Multiple ,No,
30,Protocol,PMC3148988,https://www.ncbi.nlm.nih.gov/pmc/articles/PMC3148988/,"...The study protocol, design and consent forms have been approved by Institutional Review Board (IRB) at the two clinical coordinating centers - Cohen Children's Medical Center of New York and University of Michigan-CS Mott Children's Hospital - and 13 other participating sites (Nationwide Children's Hospital, Boston Children's Hospital, Oregon Health Sciences Center, Miami Children's Hospital, Carolinas Medical Center, Stollery Children's Hospital, Medical University of South Carolina, Emory University, Texas Tech University Health Sciences Center, Children's Mercy Hospital, University of Kansas, Mayo Clinic, and Cincinnati Children's Medical Center)....",Multiple ,No,
30,Results,PMC4961392,https://www.ncbi.nlm.nih.gov/pmc/articles/PMC4961392/,"...The study protocol, design and consent forms were approved by Institutional Review Board (IRB) at each participating site....",Multiple ,No,
31,Protocol,PMC5994046,https://www.ncbi.nlm.nih.gov/pmc/articles/PMC5994046/,"...The Clinical Research Unit for Anxiety and Depression (CRUfAD) is a not-for- profit joint initiative of St Vincent's Hospital and the University of New South Wales, School of Psychiatry in Sydney, Australia....",Single,No,
31,Results,PMC6814122,https://www.ncbi.nlm.nih.gov/pmc/articles/PMC6814122/,"...Recruitment was via the research arm of a not-for-profit clinical and research unit affiliated with St. Vincent◊≥s Hospital and the University of New South Wales, Australia that specializes in the development and evaluation of Internet-CBT....",Single,No,
32,Protocol,PMC3045905,https://www.ncbi.nlm.nih.gov/pmc/articles/PMC3045905/,"...The study is a single-center, phase II, double-blind, randomized, active controlled trial, with minimized allocation of participants to one of two groups (Figure 1)....",Single,No,
32,Results,PMC3781106,https://www.ncbi.nlm.nih.gov/pmc/articles/PMC3781106/,"...A single-center, phase II, active-controlled RCT with participant and outcome assessor blinding, and minimized allocation (Scott et al. 2002) of participants to one of the two groups (adaptive training or nonadaptive training) according to: age (younger = 50 to 62 years/older = 63 to 74 years), sex (m/f), baseline working memory [Backward Digit Span, n trials correct (maximum = 14), low ‚â§6/high ‚â•7], and hearing aid use (unilateral/bilateral), with a 1:1 allocation....",Single,No,
33,Protocol,PMC3192674,https://www.ncbi.nlm.nih.gov/pmc/articles/PMC3192674/,"...To evaluate the effect of the structured reflection we will conduct a multicenter two-armed randomized non-blinded controlled trial....Seven hospitals accepted the invitation to join the study....This study will be conducted as a multicentre study, involving academic as well as peripheral hospitals....",Multiple ,No,
33,Results,PMC3625218,https://www.ncbi.nlm.nih.gov/pmc/articles/PMC3625218/,"...Patients from six different hospitals were recruited, including two academic hospitals and one categorical hospital....",Multiple ,No,
34,Protocol,PMC4676178,https://www.ncbi.nlm.nih.gov/pmc/articles/PMC4676178/,...This is a three-arm single center pilot randomized trial with allocation ratio of 1:1:1....,Single,No,
34,Results,PMC6593322,https://www.ncbi.nlm.nih.gov/pmc/articles/PMC6593322/,...We are conducting the Hypertension and Values (HYVALUE) study‚Äîa randomized controlled trial (RCT) in black and white patients with uncontrolled hypertension‚Äîto compare a values-affirmation intervention with a control exercise in 3 health care systems....Enrollment is currently occurring in 10 clinics and we will add more clinics as needed to meet recruitment targets....,Multiple ,No,
35,Protocol,PMC3045306,https://www.ncbi.nlm.nih.gov/pmc/articles/PMC3045306/,"...In brief, the trial was a multicenter patient-level, randomized, controlled, blinded (study and medical team blinded) clinical trial. Patients enrolled between February 1, 2017, and December 31, 2019, at 11 primary care clinics from 3 sites: Denver Health, a safety-net system in Denver, Colorado; Kaiser Permanente Colorado, a community system in Denver; and Kaiser Permanente Mid-Atlantic States, a community system in Maryland....",Multiple ,No,
35,Results,PMC4511259,https://www.ncbi.nlm.nih.gov/pmc/articles/PMC4511259/,"...This is a multi-country, parallel group, double-blind, placebo-controlled, randomized controlled trial (RCT)....In each of the three countries, 600 T. trichiura-positive community members will be randomly assigned to either receive the current standard treatment (albendazole/placebo) or the combination therapy (ivermectin/albendazole)....The trial will be conducted as a multi-country study with two settings in Africa and one in Asia, namely C√¥te d‚ÄôIvoire, Pemba (Zanzibar, Tanzania) and Lao PDR...",Multiple ,No,
36,Protocol,PMC3816245,https://www.ncbi.nlm.nih.gov/pmc/articles/PMC3816245/,"...The presented data derived from a double-blind, standard of care-controlled randomized controlled trial (RCT) conducted in the Nam Bak district in Luang Prabang Province in Lao PDR and in the Chake Chake district, South Pemba on Pemba Island, Tanzania between September 2018 to July 2020. Data from the third study site, C√¥te d‚ÄôIvoire, are not presented here as the study was stopped after the first follow-up time point....",Multiple ,No,
36,Results,PMC4407900,https://www.ncbi.nlm.nih.gov/pmc/articles/PMC4407900/,"...It is a single-center study carried out at the Cardiac Intensive Care Unit within the Department of Cardiology, The Heart Centre, Copenhagen University Hospital - Rigshospitalet, Copenhagen....The IMICA trial is a single-center study, initiated and overseen by the sponsor-investigator....",Single,No,
37,Protocol,PMC4235173,https://www.ncbi.nlm.nih.gov/pmc/articles/PMC4235173/,"...The trial was an investigator-initiated, randomized, placebo-controlled, double-blinded, single-center, clinical phase II trial....",Single,No,
37,Results,PMC9007089,https://www.ncbi.nlm.nih.gov/pmc/articles/PMC9007089/,"...Centres or sites were selected on the basis of having sufficient patients with diabetes in their practice and with investigators that were motivated to fulfil the administrative procedures linked to the study. Centres or sites were randomised by a central randomisation procedure to either a benchmarking group or a control group....Each centre was expected to recruit 8-12 patients; however, some centres enrolled 15-20 patients....A total of 4026 patients, of which 3994 are evaluable, were enrolled from 370 sites across six countries in Europe....",Multiple ,No,
38,Protocol,PMC3727984,https://www.ncbi.nlm.nih.gov/pmc/articles/PMC3727984/,"...Participating investigators were selected from general practitioner or hospital-based outpatient clinics to represent country-specific diabetes management practices....Randomization took place in a 1:1 ratio in Belgium (where the study originated); some centers recruited 15‚Äì20 patients, rather than the expected 8‚Äì12 patients, which allowed a 3:1 randomization ratio in the other participating countries....",Multiple ,No,
38,Results,PMC6529670,https://www.ncbi.nlm.nih.gov/pmc/articles/PMC6529670/,"...The study is a multicentre, cluster-randomised controlled, pragmatic trial using parallel groups with a 1:1 randomisation (on cluster level) and 12 months of follow-up....",Multiple ,No,
39,Protocol,PMC5826976,https://www.ncbi.nlm.nih.gov/pmc/articles/PMC5826976/,"...A multi-centre, cluster-randomised controlled, pragmatic trial using two parallel groups with 1:1 randomisation (on a cluster level) and 12 months of follow-up was conducted....Clusters were nursing homes in the areas of Halle (Saale), L√ºbeck and Witten, Germany....",Multiple ,No,
39,Results,PMC8660785,https://www.ncbi.nlm.nih.gov/pmc/articles/PMC8660785/,"...All patients will be screened, randomized and treated in our university hospital, a level 1 trauma centre in a rural area of The Netherlands....",Single,No,
40,Protocol,PMC6452278,https://www.ncbi.nlm.nih.gov/pmc/articles/PMC6452278/,"...The trial was conducted in a university hospital, a level 1 trauma centre in the Netherlands....",Single,No,
40,Results,PMC8678693,https://www.ncbi.nlm.nih.gov/pmc/articles/PMC8678693/,...Approximately 900 women from 42 health clinics were calculated to be sufficient sample size in order to achieve 80% power to detect a 15% difference in IPV frequency between treatment versus control arms at the Œ± < 0.05 statistical significance level....,Multiple ,No,
41,Protocol,PMC6421712,https://www.ncbi.nlm.nih.gov/pmc/articles/PMC6421712/,...This study is a cluster-randomized controlled trial that occurred between 2012 and 2015 across 42 public health clinics operated by the Ministry of Health (MoH) in Mexico City....,Multiple ,No,
41,Results,PMC8277064,https://www.ncbi.nlm.nih.gov/pmc/articles/PMC8277064/,"...Seven schools, from inner city areas of Lahore, are likely to be involved in the study in order to achieve the needed sample size....We expect to include five to six schools to obtain the required sample size....",Multiple ,No,
42,Protocol,PMC3652773,https://www.ncbi.nlm.nih.gov/pmc/articles/PMC3652773/,"...The six schools, were approached through a letter to the Heads of schools inviting them to participate....",Multiple ,No,
42,Results,PMC7962797,https://www.ncbi.nlm.nih.gov/pmc/articles/PMC7962797/,"...In order to rigorously evaluate this intervention, a multicentre, randomized controlled study was designed....A multicentre, open-label, randomized, controlled, parallel trial is used to evaluate the effectiveness of PADs....Subjects are referred by their psychiatrists, recruitment is performed in seven hospitals from three main cities across France: three Public Institution of Mental Health in Marseille (AP-HM, Edouard Toulouse, Valvert), two in Lyon (Le Vinatier, Saint Jean de Dieu ARHM) and two in Paris (GHU and Argenteuil)....",Multiple ,No,
43,Protocol,PMC7574300,https://www.ncbi.nlm.nih.gov/pmc/articles/PMC7574300/,"...The study, which has the English name description Peer Worker‚ÄìFacilitated Psychiatric Advance Directive Study (French acronym DAiP), was a multicenter nonblinded RCT conducted in 7 mental health facilities (aka centers) of 3 cities (aka sites) in France (Lyon, Paris, and Marseille) between January 2019 and June 2021....",Multiple ,No,
43,Results,PMC8104015,https://www.ncbi.nlm.nih.gov/pmc/articles/PMC8104015/,"...We will recruit up to 150 participants: up to 75 teachers will be collected by Istituto Auxologico Italiano (AUXO) in public school institutes in Milan, and up to 75 nurses will be recruited by the National Council of Research (CNR) in a public hospital in Messina, Italy....The interview was designed for epidemiological studies and multicenter clinical trials....",Multiple ,No,
44,Protocol,PMC3189404,https://www.ncbi.nlm.nih.gov/pmc/articles/PMC3189404/,...The study is designed as a multicentric randomized block controlled trial involving participants recruited from two different worker populations (teachers and nurses) that are highly exposed to psychological stress (the Consort flowchart is reported in Figure 3 and the electronic CONSORT-EHEALTH questionnaire [43] in Multimedia Appendix 1)....The administration time of the interview is approximately 15 minutes and was designed for epidemiological studies and multicentered clinical trials....,Multiple ,No,
44,Results,PMC3816864,https://www.ncbi.nlm.nih.gov/pmc/articles/PMC3816864/,"...The trial is conducted at five PMTCT sites in Dar es Salaam, including Mnazi Mmoja Hospital, Buguruni Health Center, Mbagala Rangi Tatu Hospital, Sinza Hospital, and Tabata A Dispensary....",Multiple ,No,
45,Protocol,PMC4464611,https://www.ncbi.nlm.nih.gov/pmc/articles/PMC4464611/,"...Pregnant women were randomly assigned in a 1:1 ratio to either the vitamin D3 supplementation or placebo group, stratified by the study clinic....",Multiple ,No,
45,Results,PMC6503937,https://www.ncbi.nlm.nih.gov/pmc/articles/PMC6503937/,...1. The family must live in one of the three study compounds in Lusaka (i.e. cannot only be staying temporarily)....The US-based staff member maintained a computer- generated (via Microsoft Excel) 1:1 randomization sequence stratified by study compound and in blocks of 20 (i.e. each 20 assignments included 10 CETA and 10 TAU)....,Multiple ,No,
46,Protocol,PMC3476981,https://www.ncbi.nlm.nih.gov/pmc/articles/PMC3476981/,"...Prior to study commencement, informational meetings about the study were held for community members in each of the 3 sites that included time for individuals to ask questions and provide feedback [26,27]....No study staff based in Zambia had access to the list or knowledge of the randomization blocking (blocks of 20) or stratified (by site) design....",Multiple ,No,
46,Results,PMC4679993,https://www.ncbi.nlm.nih.gov/pmc/articles/PMC4679993/,...The Femoroacetabular Impingement Trial (FAIT) is an assessor-blinded multicentre superiority parallel two-arm RCT comparing physiotherapy and activity modification with arthroscopic surgery for the treatment of symptomatic FAI....Patients will be recruited from NHS clinics of at least three hospitals in England including teaching hospitals and district general hospitals....,Multiple ,No,
47,Protocol,PMC4127193,https://www.ncbi.nlm.nih.gov/pmc/articles/PMC4127193/,"...Consultant orthopaedic surgeons from seven National Health Service sites across England recruited participants: Oxford University Hospitals NHS Foundation Trust, Royal Berkshire NHS Foundation Trust, Harrogate and District NHS Foundation Trust, Cambridge University Hospital NHS Foundation Trust, Wye Valley NHS Trust, Great Western Hospital NHS Foundation Trust, and Weston Area Health NHS Trust....",Multiple ,No,
47,Results,PMC5506677,https://www.ncbi.nlm.nih.gov/pmc/articles/PMC5506677/,...* Single-centre....,Single,No,
48,Protocol,PMC5968465,https://www.ncbi.nlm.nih.gov/pmc/articles/PMC5968465/,"...The SIMPLE trial (The Effects of Empagliflozin on Myocardial Flow Reserve in Patients With Type 2 Diabetes Mellitus) was a single‚Äêcenter, double‚Äêblind, randomized clinical trial assessing the effect of empagliflozin on myocardial flow in high‚Äêrisk patients with type 2 diabetes mellitus....",Single,No,
48,Results,PMC9066809,https://www.ncbi.nlm.nih.gov/pmc/articles/PMC9066809/,"...Patients will be referred by the Ear, Nose and Throat (ENT) Department of the Antwerp University Hospital and will be randomized into group 1 (TRT + CBT) or group 2 (TRT + EMDR)....",Single,No,
49,Protocol,PMC6935101,https://www.ncbi.nlm.nih.gov/pmc/articles/PMC6935101/,"...This prospective, randomized, controlled clinical trial with blind evaluator was conducted at the University Hospital of Antwerp and the multidisciplinary private practice Hoorzorg Van Looveren in Borsbeek, Belgium....",Multiple ,No,
49,Results,PMC9171654,https://www.ncbi.nlm.nih.gov/pmc/articles/PMC9171654/,"...The NMS-Nab Study is performed at one clinical site, the Medical University of Innsbruck (MUI, Austria, urban and rural setting) which will be the sponsor of this trial....",Single,No,
50,Protocol,PMC3699393,https://www.ncbi.nlm.nih.gov/pmc/articles/PMC3699393/,"...This single‚Äêcenter, phase II, placebo‚Äêcontrolled, double‚Äêblind, parallel‚Äêgroup study used an enriched enrollment randomized withdrawal (EERW) design to assess the efficacy and safety of nabilone for NMS in patients with PD....",Single,No,
50,Results,PMC4115267,https://www.ncbi.nlm.nih.gov/pmc/articles/PMC4115267/,"...This trial is a multicenter, parallel group, blinded, phase III randomized controlled trial....The participating MS centers and their associated sonologic and angiographic units are accredited by the National Health System and approved by an accreditation commission appointed by the steering committee (SC) of the study....",Multiple ,No,
51,Protocol,PMC5584035,https://www.ncbi.nlm.nih.gov/pmc/articles/PMC5584035/,"...The Brave Dreams trial was a multicenter, randomized, double-blind, sham- controlled, parallel-group trial to evaluate the efficacy and safety of venous PTA in patients with MS and CCSVI in extracranial or extravertebral veins. The study was conducted at 6 MS centers in Italy and their associated color Doppler ultrasonography (ECD) and angiography units, all of which were accredited by the Italian National Health Service....",Multiple ,No,
51,Results,PMC9012360,https://www.ncbi.nlm.nih.gov/pmc/articles/PMC9012360/,"...Our eight study communities were randomized in a 1:1 allocation ratio to either the intervention or control arms of the study, and our study is designed on a superiority framework....",Multiple ,No,
52,Protocol,PMC5719477,https://www.ncbi.nlm.nih.gov/pmc/articles/PMC5719477/,"...Our study, the protocol of which has been published, was a cluster-randomized, pragmatic, parallel arm trial whereby women in intervention clusters had experienced study nurses bring contraceptives (condoms, pills, injection, implant) to postpartum mothers‚Äô in their homes [6]....",Multiple ,No,
52,Results,PMC7164585,https://www.ncbi.nlm.nih.gov/pmc/articles/PMC7164585/,"...This practical, multicenter randomized trial compares an intervention group receiving a structured risk assessment and corresponding decision aid (CPC), to a control group receiving usual care [17]....After the pilot trial was completed and prior to beginning the multicenter trial, the decision aid underwent additional revisions based on input from the patient (MD) and caregiver (AL) representatives engaged in the trial and the investigative team in order to increase the clarity of the decision aid and improve patient comprehension....",Multiple ,No,
53,Protocol,PMC3720554,https://www.ncbi.nlm.nih.gov/pmc/articles/PMC3720554/,"...Patients and clinicians were enrolled from the emergency departments at six US sites (University of California Davis on the west coast, Mayo Clinic Rochester and Indiana University in central US, University of Pennsylvania and Thomas Jefferson University on the east coast, and Mayo Clinic Florida in the southeast). All of the sites, with the exception of Mayo Clinic Florida, had access to an emergency department observation unit in which protocols to provide care for patients with potential acute coronary syndrome existed as part of routine practice....",Multiple ,No,
53,Results,PMC4371624,https://www.ncbi.nlm.nih.gov/pmc/articles/PMC4371624/,"...The trial design is a randomised, assessor-blinded, multi-centre, clinical trial of the IMR program compared with treatment as usual in 200 participants diagnosed with schizophrenia or bipolar disorder under the care of two community mental health centres in the Capital Region of Denmark. From January 2011 to December 2013 IMR will be tested in two community mental health centres with the participation of 200 patients....Patients will be recruited from two community mental health centres in the Capital Region of Denmark: Frederiksberg-Vanl√∏se and Ballerup-Egedal-Herlev, respectively....",Multiple ,No,
54,Protocol,PMC4248299,https://www.ncbi.nlm.nih.gov/pmc/articles/PMC4248299/,"...This study was a prospective, assessor-blinded, RCT performed in three community mental health centers (CMHCs) in the Capital Region of Denmark, which covers a population of approximately 1.8 million people....Patients were recruited from three CMHCs in the Capital Region of Denmark....",Multiple ,No,
54,Results,PMC6365841,https://www.ncbi.nlm.nih.gov/pmc/articles/PMC6365841/,"...The participants are outpatients at the psychiatric rehabilitation clinics in T√∏nsberg (Nordre Vestfold distriktspsykiatriske senter, NVDPS) and Larvik (S√∏ndre Vestfold distriktspsykiatriske senter, SVDPS) in Vestfold County. The clinics are part of the Division of Mental Health and Addiction in Vestfold Hospital Trust, Norway. The outpatient clinics are catchment area-based and cover a total population of approximately 200,000 people....Supervision of participants in the two groups is carried out by the same personnel employed in the outpatient clinics and dedicated to the project throughout the data collection period....",Multiple ,No,
55,Protocol,PMC5134092,https://www.ncbi.nlm.nih.gov/pmc/articles/PMC5134092/,"...Participants were recruited from August 2014 through May 2017 from catchment- area-based and publicly funded outpatient psychiatric clinics in Vestfold County, Norway....The same personnel, which were employed in the outpatient clinics and dedicated to the project throughout the intervention period, carried out supervision of the participants in both groups....",Multiple ,No,
55,Results,PMC6714428,https://www.ncbi.nlm.nih.gov/pmc/articles/PMC6714428/,"...The trial took place at a University Hospital in Sweden. The Hospital has a catchment area with a population of 71 684 (December 2010) children and adolescents from 0-18 years [46]....Children from 3-16 years of age, who are newly diagnosed with type 1 diabetes at the University Hospital, without any other difficult chronic illnesses or siblings with type 1 diabetes, living in a Swedish speaking home and not in custody of social care, were candidates for inclusion in the study....",Single,No,
56,Protocol,PMC5654192,https://www.ncbi.nlm.nih.gov/pmc/articles/PMC5654192/,"...The study took place from 1 March 2008 up to the end of August 2011 at the Sk√•ne University Hospital, division of paediatrics at the Children‚Äôs Hospital in Lund, Sweden....",Single,No,
56,Results,PMC7787382,https://www.ncbi.nlm.nih.gov/pmc/articles/PMC7787382/,"...Study involves eight sites in two administrative Divisions of Kampala (Makindye and Rubaga), that have not been previously exposed to SASA! intervention activities....As described previously, the comparison groups comprise four intervention communities (receiving the full intervention) and four control communities (receiving only Division level elements of the intervention) (Figure 3)....While some SASA! components occur at Division-level, the majority of intervention activities are implemented in more circumscribed communities or sites....Eight eligible sites, each comprising one or two parishes, were identified for the study....",Multiple ,No,
57,Protocol,PMC6887087,https://www.ncbi.nlm.nih.gov/pmc/articles/PMC6887087/,"...Initially, eight CAs per parish were recruited (forming the basis of our sampling frame as discussed below), though no limits were set on how many others became involved during the natural course of intervention implementation....Briefly, eight ‚Äòsites‚Äô eligible for delivery of the intervention (each comprising one or two administrative Parishes) were identified on the basis of operational and programmatic considerations....",Multiple ,No,
57,Results,PMC8475664,https://www.ncbi.nlm.nih.gov/pmc/articles/PMC8475664/,...SLATE II will be conducted in the same three public sector clinics in Gauteng Province of South Africa as was done in SLATE I....,Multiple ,No,
58,Protocol,PMC6327461,https://www.ncbi.nlm.nih.gov/pmc/articles/PMC6327461/,"...SLATE II was a nonblinded, 1:1 individually randomized pragmatic trial at three primary healthcare clinics in Johannesburg, South Africa....The study teams at each site consisted of two study assistants and one nurse practitioner....Potentially eligible study participants were informed about the study at visit registration or after a positive HIV test at one of the participating study sites and screened by a study assistant to confirm study eligibility....The randomization sequence was generated by a computerized random number generator, and block randomization in blocks of six was implemented by the study PI and assigned to study sites in complete blocks of six to maintain the integrity of the randomization sequence....",Multiple ,No,
58,Results,PMC7511540,https://www.ncbi.nlm.nih.gov/pmc/articles/PMC7511540/,"...This research will take place (November 2009-June 2012) in two hospitals situated in the area of Attica, Greece namely through the Peripheral General Maternity Hospital 'Elena Venizelos' (137/04-10-07) and the Maternity Unit of the 'Attikon' University Hospital within Athens (287/30-07-09)....",Multiple ,No,
59,Protocol,PMC6647387,https://www.ncbi.nlm.nih.gov/pmc/articles/PMC6647387/,"...The M-SCOPE study was a two-group, single blind, parallel randomized controlled trial (RCT) that compared a high intensity intervention to a low intensity control group among pregnant women recruited from two hospitals in Athens, Greece....",Multiple ,No,
59,Results,PMC7540547,https://www.ncbi.nlm.nih.gov/pmc/articles/PMC7540547/,...Primary health care is delivered through eight primary health care centres staffed by health officers and general nurses....,Multiple ,No,
60,Protocol,PMC3567958,https://www.ncbi.nlm.nih.gov/pmc/articles/PMC3567958/,...Randomisation units were subdistricts of Sodo district. We identified 54 available subdistricts after subtracting the four pilot subdistricts.10...,Multiple ,No,
60,Results,PMC5833494,https://www.ncbi.nlm.nih.gov/pmc/articles/PMC5833494/,"...One thousand six hundred sedentary older adults are being recruited at eight field centers which include the following: University of Florida, Gainesville, Florida; Northwestern University, Chicago, Illinois; Pennington Biomedical Research Center, Baton Rouge, Louisiana; University of Pittsburgh, Pittsburgh, Pennsylvania; Stanford University, Stanford, California; Tufts University, Boston, Massachusetts; Wake Forest University, Winston-Salem, North Carolina; and Yale University, New Haven, Connecticut....",Multiple ,No,
61,Protocol,PMC6869182,https://www.ncbi.nlm.nih.gov/pmc/articles/PMC6869182/,"...The LIFE study was a multicenter, single-blinded, parallel randomized trial conducted at 8 field centers across the U.S. (University of Florida, Gainesville and Jacksonville, Florida; Northwestern University, Chicago, Illinois; Pennington Biomedical Research Center, Baton h21-Rouge, Louisiana; University of Pittsburgh, Pittsburgh, Pennsylvania; Stanford University, Stanford, California; Tufts University, Boston, Massachusetts; Wake Forest School of Medicine, Winston-Salem, North Carolina; and Yale University, New Haven, Connecticut) between February 2010 and December 2013....",Multiple ,No,
61,Results,PMC7439552,https://www.ncbi.nlm.nih.gov/pmc/articles/PMC7439552/,"...Stable subjects will be recruited from outpatients with COPD or asthma who demonstrate positive response during bronchodilator response testing in the pulmonary function test lab, People‚Äôs Liberation Army General Hospital, Beijing, China....",Single,No,
62,Protocol,PMC4031497,https://www.ncbi.nlm.nih.gov/pmc/articles/PMC4031497/,"...This is a single-center, single-blinded, repeated measures, randomized exploratory controlled study with parallel 1:1 allocation in which the research and care teams, including the physicians, know which patients are receiving the integrated medical care or usual medical care [21]....",Single,No,
62,Results,PMC5152707,https://www.ncbi.nlm.nih.gov/pmc/articles/PMC5152707/,"...This was a single-blinded, single-center, repeated-measures, randomized controlled trial....",Single,No,
63,Protocol,PMC3179718,https://www.ncbi.nlm.nih.gov/pmc/articles/PMC3179718/,"...This a randomized, placebo-controlled, double-blind, five-center, ED-based trial....",Multiple ,No,
63,Results,PMC6371462,https://www.ncbi.nlm.nih.gov/pmc/articles/PMC6371462/,"...The protocol was approved by the research ethics boards at each of the six participating Canadian tertiary care pediatric centers located in Calgary (Conjoint Health Research Ethics Board), London (Western University Health Sciences Research Ethics Board), Toronto (SickKids Research Ethics Board), Ottawa (Children‚Äôs Hospital of Eastern Ontario Research Ethics Board), Montreal (Comit√© d'√©thique de la recherche du CHU Sainte-Justine) and Halifax (IWK Research Ethics Board), in Canada; the caregivers of all participants provided written informed consent....",Multiple ,No,
64,Protocol,PMC4672547,https://www.ncbi.nlm.nih.gov/pmc/articles/PMC4672547/,"...This study is designed as a randomized, placebo-controlled, double-blind, parallel-group, multi-center study in three tertiary academic medical centers of China to evaluate the safety and efficacy of QSG....",Multiple ,No,
64,Results,PMC7457274,https://www.ncbi.nlm.nih.gov/pmc/articles/PMC7457274/,"...CHF patients from three hospitals (China-Japan Friendship Hospital, Hubei Provincial Hospital of Traditional Chinese Medicine, and The First Affiliated Hospital of Beijing University of Traditional Chinese Medicine) were screened following eligibility and exclusion criteria....",Multiple ,No,
65,Protocol,PMC3263442,https://www.ncbi.nlm.nih.gov/pmc/articles/PMC3263442/,"...This study is a multisite randomised controlled trial assessing the effectiveness of the Hand in Hand couple intervention (Figure 1)....Participants were recruited at three Danish breast surgery departments: Ringsted Hospital (Centre 1), Odense University Hospital (Centre 2) from October 2011 to December 2012 and Herlev University Hospital (Centre 3) from April 2012 to January 2013....",Multiple ,No,
65,Results,PMC4947351,https://www.ncbi.nlm.nih.gov/pmc/articles/PMC4947351/,"...The HiH study is a multicentre RCT of 198 couples coping with newly diagnosed primary BC....Enrolment was conducted at 3 Danish breast surgery departments from October 2011 to December 2012 for centres 1* and 2,‚Ä† and April 2012 to January 2013 for centre 3.‚Ä° Consenting patients received additional information about the project by phone....",Multiple ,No,
66,Protocol,PMC3503643,https://www.ncbi.nlm.nih.gov/pmc/articles/PMC3503643/,"...The first phase is the RESET study (FIS-2011, PI11/01962), a randomized, controlled, multicentre clinical trial involving current smokers aged 35 to 70 years with no history of respiratory disease....",Multiple ,No,
66,Results,PMC4243194,https://www.ncbi.nlm.nih.gov/pmc/articles/PMC4243194/,"...The study population was recruited from patients who visited primary health- care centres of Catalan Institute of Health (ICS, for its Spanish acronym) in the Tarragona district of Catalonia (Spain)....",Unclear,No,
67,Protocol,PMC5337660,https://www.ncbi.nlm.nih.gov/pmc/articles/PMC5337660/,...Eligible subjects were recruited from the Bergen municipality (Norway) through written and verbal advertisement....,Single,No,
67,Results,PMC7592285,https://www.ncbi.nlm.nih.gov/pmc/articles/PMC7592285/,...The subjects for the trial were recruited from the municipality of Bergen in Norway via written and verbal advertisement to the university outpatient clinic....,Single,No,
68,Protocol,PMC6180640,https://www.ncbi.nlm.nih.gov/pmc/articles/PMC6180640/,"...After a participant is deemed eligible over the telephone, they are scheduled for a first appointment at the University of Maryland, College Park....",Single,No,
68,Results,PMC7451542,https://www.ncbi.nlm.nih.gov/pmc/articles/PMC7451542/,"...EVAPORATE is a randomized, double‚Äêblind, placebo‚Äêcontrolled trial being conducted at 2 centers in the United States....",Multiple ,No,
69,Protocol,PMC3260439,https://www.ncbi.nlm.nih.gov/pmc/articles/PMC3260439/,"...Briefly, EVAPORATE was a multi-centre, randomized, double‚Äêblind, placebo‚Äêcontrolled trial that evaluated the effect of IPE 4 g/day on coronary plaque progression determined by CCTA compared with mineral oil placebo. Consistent with the trial design, 80 patients were enrolled at three different centres (Harbor-UCLA, Lundquist Institute, and Intermountain Health Care)....",Multiple ,No,
69,Results,PMC7846038,https://www.ncbi.nlm.nih.gov/pmc/articles/PMC7846038/,"...This is a single-centre prospective, randomised, double-blind, placebo- controlled trial of 120 subjects with stage 3 CKD (defined as an estimated GFR 30-59 ml/min/1.73 m2) established on conventional treatment with an angiotensin converting enzyme inhibitor or angiotensin receptor blocker for at least 3 months before enrolment....",Single,No,
70,Protocol,PMC4919867,https://www.ncbi.nlm.nih.gov/pmc/articles/PMC4919867/,"...The study was a single-center, prospective, double-blind, randomized, placebo-controlled trial....",Single,No,
70,Results,PMC8938762,https://www.ncbi.nlm.nih.gov/pmc/articles/PMC8938762/,"...AviMild is a phase III randomised double-blinded placebo-controlled parallel- group multicenter clinical trial to evaluate favipiravir‚Äôs safety and efficacy in adults diagnosed with mild COVID-19. The trial involves patients from community settings from different cities in Saudi Arabia with King Abdullah International Medical Research Center (KAIMRC) as the sponsor....Presently there are seven centres, including the sponsor site....We acknowledge principal investigators for all sites (alphabetical order): Ali Tolba, Hanan Turkistany, Mohannad Bahlaq, Saad Alshahrani, Sanaa Al Rehily, Zied Ghaifer Ali....",Multiple ,No,
71,Protocol,PMC3193523,https://www.ncbi.nlm.nih.gov/pmc/articles/PMC3193523/,"...To evaluate the safety and efficacy of favipiravir monotherapy in treating mild COVID-19, we conducted a multicentre placebo-controlled randomized trial in Saudi Arabia (Avi-Mild-19)....The trial enrolled patients from seven community medical centres and ambulatory care centres in Saudi Arabia....The randomization schedule was generated using the PLAN Procedure (SAS) with a block size of four, stratified by study site....",Multiple ,No,
71,Results,PMC4266388,https://www.ncbi.nlm.nih.gov/pmc/articles/PMC4266388/,"...This study is a randomised, controlled, parallel-group, open-label, multi- centre trial....At the moment, two hospitals participate in the study, but more centres may be added. A list of study sites can be obtained from the corresponding author....",Multiple ,No,
72,Protocol,PMC6597746,https://www.ncbi.nlm.nih.gov/pmc/articles/PMC6597746/,"...A randomized, controlled, open-label, multicenter, superiority trial was performed. Participants were recruited at 5 regional and 1 university hospital in Sweden....",Multiple ,No,
72,Results,PMC8539308,https://www.ncbi.nlm.nih.gov/pmc/articles/PMC8539308/,...The study will be carried out from 2009‚Äì2026 (inclusion period 2009‚Äì2016) at the Orthopaedic Department of Danderyd Hospital in collaboration with the Karolinska Institute....,Unclear,No,
73,Protocol,PMC5765655,https://www.ncbi.nlm.nih.gov/pmc/articles/PMC5765655/,"...This single-center, single-blinded, prospective RCT followed the guidelines of good clinical practice and the CONSORT (Consolidated Standards of Reporting Trials) statement12 and was performed between 2009 and 2018 (inclusion period, September 2009 to April 2016) at the Orthopaedic Department, Danderyd Hospital, Stockholm, Sweden....All patients with a displaced femoral neck fracture who were admitted to Danderyd Hospital were screened for participation in the study....Investigation performed at the Department of Orthopaedics at Danderyd Hospital, Stockholm, Sweden...",Single,No,
73,Results,PMC7282578,https://www.ncbi.nlm.nih.gov/pmc/articles/PMC7282578/,...Our study takes place in four wards within Kinondoni District....,Multiple ,No,
74,Protocol,PMC4037747,https://www.ncbi.nlm.nih.gov/pmc/articles/PMC4037747/,"...We conducted a cluster-randomized trial among 60 camp-based social networks within four wards of Kinondoni Municipality in Dar es Salaam, Tanzania....",Multiple ,No,
74,Results,PMC7242434,https://www.ncbi.nlm.nih.gov/pmc/articles/PMC7242434/,"...The trial is designed as a multicenter, randomized, placebo-controlled, two- group, parallel, double-blind superiority trial of 34 participants with an allocation ratio of 1:1....Adult participants of all genders will be recruited from the waiting list of patients referred to the departments of Oral and Maxillofacial Surgery of the Academic Medical Center of the University of Amsterdam (AMC), the Netherlands, and the department of Oral and Maxillofacial Surgery of the Spaarne Gasthuis Hospital in Haarlem, the Netherlands, by their dentists....",Multiple ,No,
75,Protocol,PMC5634880,https://www.ncbi.nlm.nih.gov/pmc/articles/PMC5634880/,"...Potential participants were recruited via referrals to the department of OMFS of the Amsterdam University Medical Center‚Äîlocation Academic Medical Center, Amsterdam, the Netherlands....",Single,No,
75,Results,PMC9822771,https://www.ncbi.nlm.nih.gov/pmc/articles/PMC9822771/,...The study is based in eight Chicago Park District facilities located within communities that are predominantly African-American....,Multiple ,No,
76,Protocol,PMC4363354,https://www.ncbi.nlm.nih.gov/pmc/articles/PMC4363354/,"...Recruitment involved direct contact by letter and phone using hospital cancer registry contact information from three Chicago-area academic cancer centers and community-based efforts, including referrals from oncologists, flyers, social media, and presentations....",Multiple ,No,
76,Results,PMC5873374,https://www.ncbi.nlm.nih.gov/pmc/articles/PMC5873374/,"...We planned a phase II, multicentre, dose-finding, double-blind, randomised placebo-controlled trial of two different doses of GHX02 compared with placebo....This study is a phase II, multicentre, dose-finding, double-blind, randomised placebo-controlled trial to evaluate the efficacy and safety of two different doses of GHX02, compared with placebo, for acute bronchitis. The trial will be conducted at three university-affiliated hospitals, including the Dunsan Korean Medicine Hospital, Daejeon University; the Kyung Hee University Korean Medicine Hospital and the Pusan National University Korean Medicine Hospital....",Multiple ,No,
77,Protocol,PMC4328054,https://www.ncbi.nlm.nih.gov/pmc/articles/PMC4328054/,"...Therefore, we planned a phase II, randomized, double-blind, placebo-controlled, multicenter trial to determine the efficacy and safety of GHX02 compared with placebo, and find a suitable dosage of GHX02 for the treatment of bronchitis....The study protocol was approved by the Institutional Review Board (IRB) at each center (IRB number: DJDSKH-17-DR-14 at Daejeon Korean Medicine Hospital, KOMCIRB 2018-10-007-001 at Kyung Hee University Korean Medicine Hospital, and 2018010 at Pusan National University Korean Medicine Hospital)....This study was a phase II, randomized, double-blind, placebo-controlled, multicenter, and dose-finding trial to investigate the efficacy and safety of two different doses of GHX02 compared to placebo. The participants were recruited from three university-affiliated hospitals, including Daejeon Korean Medicine Hospital, Daejeon University, Kyung Hee University Korean Medicine Hospital, and Pusan National University Korean Medicine Hospital....",Multiple ,No,
77,Results,PMC8538243,https://www.ncbi.nlm.nih.gov/pmc/articles/PMC8538243/,"...The study will be implemented with the aid of the two community based partners, the Yakima Valley Farm Workers‚Äô Clinic (YVFWC) which operates a network of 13 federally qualified health center clinics in Eastern Washington specializing in the delivery of primary care services to low-income Latinos; and the Breast, Cervical, and Colon Health Program of the Yakima District (BCCHP), a federally funded aid program, administered through the Washington State Department of Health, which provides assistance and resources for women to undergo Pap tests, and for women who receive a diagnosis of an abnormal Pap test....",Multiple ,No,
78,Protocol,PMC7931026,https://www.ncbi.nlm.nih.gov/pmc/articles/PMC7931026/,"...Eligible women who were out of adherence with cervical cancer screening (> 3 years since last Pap test), were identified using medical record review by a local federally qualified health center....",Multiple ,No,
78,Results,PMC9225274,https://www.ncbi.nlm.nih.gov/pmc/articles/PMC9225274/,...This study is a single center prospective randomized double-blind clinical trial involving patients at high risk of OHSS development undergoing COH using GnRH antagonist cycles....,Single,No,
79,Protocol,PMC4074338,https://www.ncbi.nlm.nih.gov/pmc/articles/PMC4074338/,...This study was a single university-affiliated center prospective randomized double-blind placebo controlled trial....,Single,No,
79,Results,PMC4919206,https://www.ncbi.nlm.nih.gov/pmc/articles/PMC4919206/,"...Assessments and therapy will be conducted in the Eating Disorders Programme (PROATA) clinic in the Department of Psychiatry of the Federal University of S√£o Paulo (UNIFESP), Brazil....",Single,No,
80,Protocol,PMC5838559,https://www.ncbi.nlm.nih.gov/pmc/articles/PMC5838559/,"...This single blind, two-arm RCT, was conducted at the Eating Disorders Program (PROATA)/Department of Psychiatry of the Universidade Federal de S√£o Paulo (UNIFESP), Brazil....",Single,No,
80,Results,PMC7654934,https://www.ncbi.nlm.nih.gov/pmc/articles/PMC7654934/,"...RRIPP-3 was a single-site study, located at US Army base, Fort Benning, GA....",Single,No,
81,Protocol,PMC3039582,https://www.ncbi.nlm.nih.gov/pmc/articles/PMC3039582/,"...For the US Army Infantry, IBOLC, located in Fort Benning, Georgia, is the initial training station for officers who have graduated from the US Military Academy (USMA), completed Officer Candidate School (OCS) or Reserve Officer Training Corps (ROTC)....",Single,No,
81,Results,PMC3636795,https://www.ncbi.nlm.nih.gov/pmc/articles/PMC3636795/,...The intervention programs will be offered at Araba University Hospital and biological samples will be analyzed at Complutense University of Madrid....,Single,No,
82,Protocol,PMC8053307,https://www.ncbi.nlm.nih.gov/pmc/articles/PMC8053307/,...The evaluators of two participating centers were trained to use scales for inter-rater reliability by rating each of the scales with practical cases....,Multiple ,No,
82,Results,PMC8747778,https://www.ncbi.nlm.nih.gov/pmc/articles/PMC8747778/,"...The women participating in this study will be receiving prenatal care at two health systems in southeastern Michigan, the University of Michigan Hospitals and Clinics and St. Joseph Mercy Health System/Integrated Health Associates....",Multiple ,No,
83,Protocol,PMC5422966,https://www.ncbi.nlm.nih.gov/pmc/articles/PMC5422966/,...We solicited permission to determine eligibility from pregnant women presenting for prenatal care at 2 health systems in southeastern Michigan: the University of Michigan Health System and St Joseph‚Äôs Mercy Hospital Health System....,Multiple ,No,
83,Results,PMC8820776,https://www.ncbi.nlm.nih.gov/pmc/articles/PMC8820776/,...The areas of the two trial sites are endemic for VL....,Multiple ,No,
84,Protocol,PMC4617887,https://www.ncbi.nlm.nih.gov/pmc/articles/PMC4617887/,...These study sites are located in areas of stable endemicity....,Multiple ,No,
84,Results,PMC6613852,https://www.ncbi.nlm.nih.gov/pmc/articles/PMC6613852/,"...The design is a single-center, investigator-initiated randomized controlled trial....",Single,No,
85,Protocol,PMC4738785,https://www.ncbi.nlm.nih.gov/pmc/articles/PMC4738785/,"...The present study was a part of a single-center, investigator-initiated RCT including 12 months of simulation sessions [21]....",Single,No,
85,Results,PMC7083321,https://www.ncbi.nlm.nih.gov/pmc/articles/PMC7083321/,"...In two municipalities in the southern part of Denmark, twelve elementary schools were randomized to either active math intervention (n = 7) or control (n = 5) (Fig. 1)....",Multiple ,No,
86,Protocol,PMC4660775,https://www.ncbi.nlm.nih.gov/pmc/articles/PMC4660775/,"...In short, the study was designed as a cluster-randomized controlled trial involving 1st grade children in 12 schools from two municipalities in the Region of Southern Denmark (Fig 1)....",Multiple ,No,
86,Results,PMC8899208,https://www.ncbi.nlm.nih.gov/pmc/articles/PMC8899208/,"...The community collaborative board was expanded to include seven participating community agencies: five urban and two rural agencies, including two clinics, a school, three social service agencies and a University of Minnesota Extension site....Participants will be enrolled from the seven collaborating agencies....",Multiple ,No,
87,Protocol,PMC4696142,https://www.ncbi.nlm.nih.gov/pmc/articles/PMC4696142/,"...Padres Informados/Jovenes Preparados (Informed Parents/Prepared Youth, PIJP) was a five-year, multisite CBPR intervention trial testing the effectiveness of a collaboratively developed family-skills training program directed at preventing tobacco and other substance use susceptibility among Latino youth ages 10 to 14 years....Our participatory approach has been described in depth elsewhere, but included a partnership structure consisting of community and academic co-primary investigators and a community-university research team with representation from seven community partner organizations (two clinics, one school system, and four social service agencies).24...",Multiple ,No,
87,Results,PMC5562172,https://www.ncbi.nlm.nih.gov/pmc/articles/PMC5562172/,"...The FIRSTT trial is conducted at two sites: Mayo Clinic (Rochester, MN) and Duke University (Durham, NC)....",Multiple ,No,
88,Protocol,PMC5961554,https://www.ncbi.nlm.nih.gov/pmc/articles/PMC5961554/,"...### Table 1. Key Events in Fibroid Interventions: Reducing Symptoms Today and Tomorrow Study...Foley catheters and prophylactic antibiotics were used at all sites; at 1 site, oral antibiotics were continued for another 5 days....",Multiple ,No,
88,Results,PMC8801800,https://www.ncbi.nlm.nih.gov/pmc/articles/PMC8801800/,"...The Girls on the Move intervention is a group randomized trial involving 24 racially diverse, urban schools in low SES areas in the Midwestern U.S....",Multiple ,No,
89,Protocol,PMC3407514,https://www.ncbi.nlm.nih.gov/pmc/articles/PMC3407514/,"...This group randomized trial occurred in 24 urban, public schools in Michigan....",Multiple ,No,
89,Results,PMC5293604,https://www.ncbi.nlm.nih.gov/pmc/articles/PMC5293604/,,Not reported,No,
90,Protocol,PMC5898565,https://www.ncbi.nlm.nih.gov/pmc/articles/PMC5898565/,,Not reported,No,
90,Results,PMC6347742,https://www.ncbi.nlm.nih.gov/pmc/articles/PMC6347742/,,Not reported,No,
91,Protocol,PMC4683762,https://www.ncbi.nlm.nih.gov/pmc/articles/PMC4683762/,,Not reported,No,
91,Results,PMC9131673,https://www.ncbi.nlm.nih.gov/pmc/articles/PMC9131673/,,Not reported,No,
92,Protocol,PMC6503132,https://www.ncbi.nlm.nih.gov/pmc/articles/PMC6503132/,,Not reported,No,
92,Results,PMC8228047,https://www.ncbi.nlm.nih.gov/pmc/articles/PMC8228047/,,Not reported,No,
93,Protocol,PMC4966873,https://www.ncbi.nlm.nih.gov/pmc/articles/PMC4966873/,,Not reported,No,
93,Results,PMC9224093,https://www.ncbi.nlm.nih.gov/pmc/articles/PMC9224093/,,Not reported,No,
94,Protocol,PMC3146889,https://www.ncbi.nlm.nih.gov/pmc/articles/PMC3146889/,,Not reported,No,
94,Results,PMC4010222,https://www.ncbi.nlm.nih.gov/pmc/articles/PMC4010222/,,Not reported,No,
95,Protocol,PMC3155829,https://www.ncbi.nlm.nih.gov/pmc/articles/PMC3155829/,,Not reported,No,
95,Results,PMC5023160,https://www.ncbi.nlm.nih.gov/pmc/articles/PMC5023160/,,Not reported,No,
96,Protocol,PMC4807574,https://www.ncbi.nlm.nih.gov/pmc/articles/PMC4807574/,,Not reported,No,
96,Results,PMC6657860,https://www.ncbi.nlm.nih.gov/pmc/articles/PMC6657860/,,Not reported,No,
97,Protocol,PMC4827169,https://www.ncbi.nlm.nih.gov/pmc/articles/PMC4827169/,,Not reported,No,
97,Results,PMC6296522,https://www.ncbi.nlm.nih.gov/pmc/articles/PMC6296522/,,Not reported,No,
98,Protocol,PMC3543344,https://www.ncbi.nlm.nih.gov/pmc/articles/PMC3543344/,,Not reported,No,
98,Results,PMC5412730,https://www.ncbi.nlm.nih.gov/pmc/articles/PMC5412730/,,Not reported,No,
99,Protocol,PMC3165063,https://www.ncbi.nlm.nih.gov/pmc/articles/PMC3165063/,,Not reported,No,
99,Results,PMC6355152,https://www.ncbi.nlm.nih.gov/pmc/articles/PMC6355152/,,Not reported,No,
100,Protocol,PMC3661346,https://www.ncbi.nlm.nih.gov/pmc/articles/PMC3661346/,,Not reported,No,
100,Results,PMC6982403,https://www.ncbi.nlm.nih.gov/pmc/articles/PMC6982403/,,Not reported,No,
