PairID,Protocol/Results,PMCID,Link,Text,Blinding/masking (check all who were masked),Used full article
1,Protocol,PMC3117715,https://www.ncbi.nlm.nih.gov/pmc/articles/PMC3117715/,"...Outcome assessments are done by research staff who were not involved in recruitment or baseline data collection, and who are not deliberately aware of group allocation....",Outcome assessors_blinded,No
1,Results,PMC3698942,https://www.ncbi.nlm.nih.gov/pmc/articles/PMC3698942/,...Research staff who were not involved in recruitment or collection of baseline data and who were blind to allocation carried out outcome assessments....,Outcome assessors_blinded,No
2,Protocol,PMC3120681,https://www.ncbi.nlm.nih.gov/pmc/articles/PMC3120681/,"...This is an assessor-blinded, parallel-group, multi-centre randomized controlled trial....The central CRC will obtain the patient's name and phone number and will keep the rater blind to the name of the clinic and the treatment the participant is receiving....The central CRC will obtain the patient's name and phone number and will keep the rater blind to the name of the clinic and the treatment the participant is receiving....The central CRC will obtain the patient's name and phone number and will keep the central rater blind to the name of the clinic and the treatment the participant is receiving....",Outcome assessors_blinded,No
2,Results,PMC6040068,https://www.ncbi.nlm.nih.gov/pmc/articles/PMC6040068/,"...The Strategic Use of New generation antidepressants for Depression (SUN‚ò∫D) is a multi-centre, open-label, assessor-blinded, pragmatic RCT that involved two randomisation steps to examine the first- and second-line treatment strategies for untreated unipolar major depressive episodes....Outcome assessors were blinded throughout. The statisticians conducting the analyses and the writing committee were masked to treatment allocation until they signed the agreed- upon interpretations of the results....For both the step 1 and step 2 randomisations, the primary outcome was depression severity as measured by masked assessors conducting semi-structured interviews using the PHQ-9 at week 9....The writing committee reviewed a statistical report in which the treatments were masked, and developed interpretation of the results and associated conclusions under alternative scenarios for all possible permutations of treatments [42]....",Outcome assessors_blinded | Data analysts_blinded | Patients/participants_unblinded | Intervention providers_unblinded,No
3,Protocol,PMC3355035,https://www.ncbi.nlm.nih.gov/pmc/articles/PMC3355035/,,Not reported,No
3,Results,PMC4260077,https://www.ncbi.nlm.nih.gov/pmc/articles/PMC4260077/,,Not reported,No
4,Protocol,PMC3418177,https://www.ncbi.nlm.nih.gov/pmc/articles/PMC3418177/,,Not reported,No
4,Results,PMC3770709,https://www.ncbi.nlm.nih.gov/pmc/articles/PMC3770709/,,Not reported,No
5,Protocol,PMC6069849,https://www.ncbi.nlm.nih.gov/pmc/articles/PMC6069849/,"...An evaluator-blinded RCT will be implemented comparing mCIMT with and without AOT on UL function in children with uCP....In order to blind parents and children to group allocation, they will only be informed about the general description of the study design....One blinded, experienced physiotherapist, not involved in the camp activities, will assess UL function at the four different time points. Video-based clinical scales (AHA and Melbourne Assessment 2) will be scored afterwards by another evaluator, blinded to group allocation and time point of the assessment....",Outcome assessors_blinded,Yes
5,Results,PMC6977217,https://www.ncbi.nlm.nih.gov/pmc/articles/PMC6977217/,"...An experienced physiotherapist blinded to group allocation (JH) conducted the evaluations at T0 (baseline, 3‚Äì4 months before the intervention), T1 (within 4 days before the intervention), T2 (within 4 days after the intervention), and T3 (6 months after the intervention)....A certified rater scored the videos, blinded to group- allocation and time-point evaluation....The test was scored afterwards by a trained physiotherapist blinded to group-allocation and time-point evaluation....",Outcome assessors_blinded,No
6,Protocol,PMC3751729,https://www.ncbi.nlm.nih.gov/pmc/articles/PMC3751729/,"...However, to limit the potential bias introduced by lack of blindness, an independent adjudicating committee, blind to treatment allocation, will validate the events that will constitute the primary outcome....To preserve outcome assessor blindness, an independent adjudicating committee (three clinical psychiatrists, with no links to the study and blind to treatment allocation) will anonymously review all deaths and all hazardous acts reported during the 12 months of follow-up by the treating clinicians....The statistical analysis will be masked, i.e. the trial biostatistician will be blinded to the treatment groups until the analysis has been completed....",Outcome assessors_blinded | Data analysts_blinded,No
6,Results,PMC4210495,https://www.ncbi.nlm.nih.gov/pmc/articles/PMC4210495/,"...However, to limit the potential for ascertainment bias, an independent adjudicating committee, blind to treatment allocation, validated the events that constituted the primary outcome....",Outcome assessors_blinded,No
7,Protocol,PMC6311046,https://www.ncbi.nlm.nih.gov/pmc/articles/PMC6311046/,,Not reported,No
7,Results,PMC6537555,https://www.ncbi.nlm.nih.gov/pmc/articles/PMC6537555/,,Not reported,No
8,Protocol,PMC4219009,https://www.ncbi.nlm.nih.gov/pmc/articles/PMC4219009/,"...As such, participants enter their data themselves and are blind to their assignment. Following randomization, clinic sites were activated individually, and clinic staff are blinded to the condition. Training for clinic study staff was conducted by condition, and clinic study staff conducting the study are also blind to clinic randomization status. Finally, data analysis to evaluate study outcomes will be blinded to the clinic‚Äôs status as an intervention or control intervention arm....",Patients/participants_blinded | Intervention providers_blinded | Data analysts_blinded | Outcome assessors_blinded,No
8,Results,PMC5732507,https://www.ncbi.nlm.nih.gov/pmc/articles/PMC5732507/,"...Study staff conducting the assessments and conditions were blind to their clinic randomization status, and both clinic staff and participants were blinded to condition. Data analysis to evaluate study outcomes were blinded to clinic condition....",Intervention providers_blinded | Patients/participants_blinded | Data analysts_blinded | Outcome assessors_blinded,No
9,Protocol,PMC3297520,https://www.ncbi.nlm.nih.gov/pmc/articles/PMC3297520/,"...Randomization sequence and allocation will be concealed to all study subjects, research staff, investigators and pharmacists until completion of the study....",Patients/participants_blinded | Intervention providers_blinded | Outcome assessors_blinded | Data analysts_blinded,Yes
9,Results,PMC3524425,https://www.ncbi.nlm.nih.gov/pmc/articles/PMC3524425/,"...The randomization codes were hidden from all subjects, research staff, investigators and pharmacists until all the data were analyzed....Statistical analysis was done by a statistician under blinded conditions....",Patients/participants_blinded | Intervention providers_blinded | Outcome assessors_blinded | Data analysts_blinded,No
10,Protocol,PMC3898142,https://www.ncbi.nlm.nih.gov/pmc/articles/PMC3898142/,...Statisticians analyzing the data and personnel at the central laboratory measuring HbA1c will be blinded to group assignment....,Outcome assessors_blinded | Data analysts_blinded,No
10,Results,PMC3781531,https://www.ncbi.nlm.nih.gov/pmc/articles/PMC3781531/,,Not reported,No
11,Protocol,PMC6112404,https://www.ncbi.nlm.nih.gov/pmc/articles/PMC6112404/,"...The randomisation list is available to the data and safety monitoring board, but patients, nurses, physicians and other data collectors are kept blinded to the allocation during the study....",Patients/participants_blinded | Outcome assessors_blinded,No
11,Results,PMC9047644,https://www.ncbi.nlm.nih.gov/pmc/articles/PMC9047644/,"...The randomization list was available to the data and safety monitoring board, but patients, nurses, physicians, and other data collectors were kept blinded to the allocation until the last patient completed the study and all analyses were finalized....Three experienced radiographers blinded to clinical data and allocation measured the AVC scores, and analyses of the 3 scans (baseline, year 1, and year 2) were done simultaneously....",Patients/participants_blinded | Outcome assessors_blinded,No
12,Protocol,PMC5153683,https://www.ncbi.nlm.nih.gov/pmc/articles/PMC5153683/,,Not reported,No
12,Results,PMC7939944,https://www.ncbi.nlm.nih.gov/pmc/articles/PMC7939944/,,Not reported,No
13,Protocol,PMC4025413,https://www.ncbi.nlm.nih.gov/pmc/articles/PMC4025413/,"...This is a prospective, single-centre, investigator-blinded, randomised, parallel group design trial conducted at the Center of Thrombosis and Hemostasis of the University Center Mainz, Germany in collaboration with the Department of Medicine II, the Institute for Clinical Chemistry and Laboratory Medicine, the Institute of Medical Biostatistics, Epidemiology and Informatics, the Pharmacy and the Interdisciplinary Center for Clinical Studies....All other study personnel will remain blinded to the allocation group....The analysis of endothelial function data will be performed offline by personnel blinded to the allocation group (also in the case of withdrawal of the patient from the study and/or from the study medication; figure 2)....",Patients/participants_unblinded | Intervention providers_unblinded | Outcome assessors_blinded | Data analysts_blinded,Yes
13,Results,PMC8710519,https://www.ncbi.nlm.nih.gov/pmc/articles/PMC8710519/,"...Investigators were blinded to the allocation....The protocol of the EST, a three-arms, parallel design, randomized, investigator-blinded trial, is published in (10)....The analysis was performed off-line in a random order by staff blinded to the allocation group with signal processing software (PeriSoft 2.5.5; Perimed, J√§rf√§lla, Sweden)....",Outcome assessors_blinded,Yes
14,Protocol,PMC4446829,https://www.ncbi.nlm.nih.gov/pmc/articles/PMC4446829/,,Not reported,No
14,Results,PMC5741924,https://www.ncbi.nlm.nih.gov/pmc/articles/PMC5741924/,"...However, the principal researcher was not involved in the exercise training and analyses were performed blinded for group allocation....The assessors of the primary study outcomes were blinded....",Data analysts_blinded | Outcome assessors_blinded,No
15,Protocol,PMC3973868,https://www.ncbi.nlm.nih.gov/pmc/articles/PMC3973868/,"...Independent investigators assessing participants at the end of the intervention and at three, six and 12 month follow-up visits or phone calls will be blind to the allocation of the treatment group. Participants will be asked not to discuss group allocation with the assessing professional. Moreover, the person who carries out the analysis of the data will not be involved in the investigation....",Outcome assessors_blinded | Patients/participants_unblinded,No
15,Results,PMC8296136,https://www.ncbi.nlm.nih.gov/pmc/articles/PMC8296136/,,Not reported,No
16,Protocol,PMC5379660,https://www.ncbi.nlm.nih.gov/pmc/articles/PMC5379660/,"...A pragmatic, 3-group, randomised, assessor-blinded, single-centre trial exploring the cardiovascular physiological effects of the use of e-cigarettes (nicotine-free and nicotine-inclusive, assessed separately) combined with behavioural support as a smoking cessation method in comparison to the combination of NRT and behavioural support....Outcome assessors will be blinded to group allocation and participants will be reminded regularly not to share their group allocation with this person. Statistician and health economist will be blinded to group allocation during the analysis process....",Outcome assessors_blinded | Patients/participants_unblinded | Data analysts_blinded,No
16,Results,PMC9380327,https://www.ncbi.nlm.nih.gov/pmc/articles/PMC9380327/,...Outcome assessors were blinded to group allocation and participants were reminded regularly not to share their group allocation with assessors or those providing behavioral support. The study statistician/health economist was blinded to group allocation....,Outcome assessors_blinded | Patients/participants_unblinded | Data analysts_blinded,No
17,Protocol,PMC3481366,https://www.ncbi.nlm.nih.gov/pmc/articles/PMC3481366/,,Not reported,No
17,Results,PMC6853170,https://www.ncbi.nlm.nih.gov/pmc/articles/PMC6853170/,...Participants and study staff (site investigators and trial coordinating centre staff) were masked to allocation....,Patients/participants_blinded | Intervention providers_blinded,No
18,Protocol,PMC4570710,https://www.ncbi.nlm.nih.gov/pmc/articles/PMC4570710/,"...Adverse events, eventual parallel treatment or medication, how much infants cried from being needled and how well parents are blinded will be reported....In this trial the infants were separated from the parents for five minutes for blinding reasons....",Patients/participants_unblinded | Intervention providers_unblinded | Outcome assessors_blinded,Yes
18,Results,PMC5466913,https://www.ncbi.nlm.nih.gov/pmc/articles/PMC5466913/,"...The CHC nurse and the parents were blinded to group allocation....Adverse events and the success of parental blinding were additionally reported....The nurse was blinded to group allocation, as were the parents until they had answered the questions at the end of the FU period....",Patients/participants_unblinded | Outcome assessors_blinded | Intervention providers_unblinded,Yes
19,Protocol,PMC5859815,https://www.ncbi.nlm.nih.gov/pmc/articles/PMC5859815/,...Analysis will be performed by a statistician blinded to the spray status of the clusters....,Data analysts_blinded,No
19,Results,PMC7877039,https://www.ncbi.nlm.nih.gov/pmc/articles/PMC7877039/,,Not reported,No
20,Protocol,PMC4710982,https://www.ncbi.nlm.nih.gov/pmc/articles/PMC4710982/,"...This is a blinded study in which the drug assignment will be concealed from patients, parents, and study personnel....This will ensure blinding of both the allocating physician as well as the one performing outcome assessment. Moreover, medication will be dispensed by community health workers who are not involved in treatment allocation and outcome assessment....2. Performance bias: This is a blinded study in which the drug assignment will be concealed from patients, parents, and study personnel....Drug will be dispensed by trained community health care workers who are unrelated to the randomization and outcome assessment processes. 3. Detection bias: This is a blinded study in which the drug assignment is concealed from study personnel who are randomising and assessing the outcome....This will ensure blinding of both the allocating physician as well as the one performing outcome assessment....",Patients/participants_blinded | Intervention providers_blinded | Outcome assessors_blinded,No
20,Results,PMC7244232,https://www.ncbi.nlm.nih.gov/pmc/articles/PMC7244232/,"...Drug dispensing was undertaken by separate study staff in a segregated clinic area. Physicians who assessed outcomes were also masked to the drug dispensing. Physicians who were randomizing and assessing outcomes, participating parents as well as all trial study staff were blinded to the treatment allocation until the end of analysis of the study....",Outcome assessors_blinded | Intervention providers_blinded | Data analysts_blinded,No
21,Protocol,PMC3406972,https://www.ncbi.nlm.nih.gov/pmc/articles/PMC3406972/,,Not reported,No
21,Results,PMC3794862,https://www.ncbi.nlm.nih.gov/pmc/articles/PMC3794862/,,Not reported,No
22,Protocol,PMC7745514,https://www.ncbi.nlm.nih.gov/pmc/articles/PMC7745514/,"...As bias in estimating the effects of the intervention is anticipated due to the open-label design of the study, the analysis will be performed by an independent researcher who will not involve in the intervention or allocation of participants....",Data analysts_blinded | Intervention providers_unblinded | Patients/participants_unblinded | Outcome assessors_unblinded,No
22,Results,PMC8852666,https://www.ncbi.nlm.nih.gov/pmc/articles/PMC8852666/,,Not reported,No
23,Protocol,PMC3345610,https://www.ncbi.nlm.nih.gov/pmc/articles/PMC3345610/,,Not reported,No
23,Results,PMC4055800,https://www.ncbi.nlm.nih.gov/pmc/articles/PMC4055800/,,Not reported,No
24,Protocol,PMC5935890,https://www.ncbi.nlm.nih.gov/pmc/articles/PMC5935890/,"...The implementer and the Ministry of Health are blinded to the identity and location of villages selected for intensive data collection....While health clinicians at health facilities may not be fully aware of patient Ubudehe status nor what sectors in their region have received the intervention and so may be blinded during the health assessment process, CHWs are aware of the allocation of patients during symptom assessment as they are based at the village level....",Outcome assessors_unblinded,No
24,Results,PMC6546207,https://www.ncbi.nlm.nih.gov/pmc/articles/PMC6546207/,,Not reported,No
25,Protocol,PMC3651718,https://www.ncbi.nlm.nih.gov/pmc/articles/PMC3651718/,,Not reported,No
25,Results,PMC6323792,https://www.ncbi.nlm.nih.gov/pmc/articles/PMC6323792/,,Not reported,No
26,Protocol,PMC5857085,https://www.ncbi.nlm.nih.gov/pmc/articles/PMC5857085/,,Not reported,No
26,Results,PMC7038903,https://www.ncbi.nlm.nih.gov/pmc/articles/PMC7038903/,,Not reported,No
27,Protocol,PMC6893558,https://www.ncbi.nlm.nih.gov/pmc/articles/PMC6893558/,"...All investigators, statisticians, and data analysts were blinded to arm assignments until the study and analysis were completed....",Data analysts_blinded | Intervention providers_blinded | Outcome assessors_blinded,Yes
27,Results,PMC8144928,https://www.ncbi.nlm.nih.gov/pmc/articles/PMC8144928/,"...All investigators, statisticians, and data analysts were blinded to arm assignments until the study and analysis were completed....",Data analysts_blinded | Intervention providers_blinded | Outcome assessors_blinded,No
28,Protocol,PMC5832903,https://www.ncbi.nlm.nih.gov/pmc/articles/PMC5832903/,...Participants were blind to their study group assignment as all participants received training in the use of health system technology offerings. Participants were assigned a unique personal identifier and a group identifier allowing for blinding at the point of analysis....,Patients/participants_blinded | Data analysts_blinded,No
28,Results,PMC7076411,https://www.ncbi.nlm.nih.gov/pmc/articles/PMC7076411/,...Participants and research team members not involved in recruitment were blind to the randomization....,Not Reported,Yes
29,Protocol,PMC3061925,https://www.ncbi.nlm.nih.gov/pmc/articles/PMC3061925/,,Not reported,No
29,Results,PMC3894173,https://www.ncbi.nlm.nih.gov/pmc/articles/PMC3894173/,...It was not possible to blind patients or treating physicians due to the nature of the intervention....,Intervention providers_unblinded | Patients/participants_unblinded,No
30,Protocol,PMC3148988,https://www.ncbi.nlm.nih.gov/pmc/articles/PMC3148988/,"...Although endothelial function recordings are done non-blinded, the analyses of these data will be done blinded to both group allocation and time of measurement....",Outcome assessors_unblinded | Data analysts_blinded,No
30,Results,PMC4961392,https://www.ncbi.nlm.nih.gov/pmc/articles/PMC4961392/,...Weight measurement at delivery and blood analyses were done by personnel blinded for group allocation....The statistician conducting the statistical analyses was blinded for group allocation....,Outcome assessors_unblinded | Data analysts_blinded,No
31,Protocol,PMC5994046,https://www.ncbi.nlm.nih.gov/pmc/articles/PMC5994046/,,Not reported,No
31,Results,PMC6814122,https://www.ncbi.nlm.nih.gov/pmc/articles/PMC6814122/,...The evaluators were blind to the study arm....,Outcome assessors_blinded,No
32,Protocol,PMC3045905,https://www.ncbi.nlm.nih.gov/pmc/articles/PMC3045905/,"...Severity of symptoms will be assessed by a blinded investigator (psychologist) from the Clinic for Psychiatry and Psychotherapy, Charit√© University Medical Center....The patients, the psychiatrist and the statistician will remain blinded from the identity of the four treatment groups until the end of the study....",Outcome assessors_blinded | Patients/participants_blinded | Intervention providers_unblinded | Data analysts_blinded,Yes
32,Results,PMC3781106,https://www.ncbi.nlm.nih.gov/pmc/articles/PMC3781106/,"...The patients, the whole study team including the psychiatrist, the psychologist who assessed the HAM-D, and the statistician remained blinded to the identity of the four treatment groups until the end of the study....Severity of symptoms was assessed by a blinded investigator (psychologist) supervised by the Clinic for Psychiatry and Psychotherapy at Charit√© ‚Äì Universit√§tsmedizin Berlin....",Patients/participants_blinded | Intervention providers_blinded | Outcome assessors_blinded | Data analysts_blinded,No
33,Protocol,PMC3192674,https://www.ncbi.nlm.nih.gov/pmc/articles/PMC3192674/,...Patients and assessors are blinded with regard to acupuncture treatment given....The statistical analysis will be performed by a statistician blinded to allocation in Clinical Evaluation Center of China Academy of Chinese Medical Sciences....The staffs in charge of assessment and statistician are all blinded to the patients' allocation....,Patients/participants_blinded | Outcome assessors_blinded | Data analysts_blinded,No
33,Results,PMC3625218,https://www.ncbi.nlm.nih.gov/pmc/articles/PMC3625218/,...Data management and analysis were performed by researchers who were blinded to the acupuncture procedures....The statistical analysis was performed by a statistician blinded to treatment allocation in the Clinical Evaluation Center of China Academy of Chinese Medical Sciences....,Data analysts_blinded,No
34,Protocol,PMC4676178,https://www.ncbi.nlm.nih.gov/pmc/articles/PMC4676178/,"...The trial is blinded at the level of cluster randomization: community organizations are aware that their participants will receive one of the two interventions, but they will be blinded to group allocation....A research assistant, who will be blinded to group allocation, will inform, deliver and complete the questionnaires after each telephone follow-up. A statistician blinded to the allocation will conduct the analysis and reporting of the co-primary outcome measures....",Intervention providers_unblinded | Outcome assessors_blinded | Data analysts_blinded | Patients/participants_unblinded,Yes
34,Results,PMC6593322,https://www.ncbi.nlm.nih.gov/pmc/articles/PMC6593322/,"...The trial was blinded at the level of cluster randomisation as the community organisations, the research assistants who performed the telephone follow-ups, and the statistician who analysed the outcomes were blinded to group allocation....",Patients/participants_blinded | Outcome assessors_blinded | Data analysts_blinded,No
35,Protocol,PMC3045306,https://www.ncbi.nlm.nih.gov/pmc/articles/PMC3045306/,,Not reported,No
35,Results,PMC4511259,https://www.ncbi.nlm.nih.gov/pmc/articles/PMC4511259/,,Not reported,No
36,Protocol,PMC3816245,https://www.ncbi.nlm.nih.gov/pmc/articles/PMC3816245/,...Participants remain blind to treatment group allocation....,Patients/participants_blinded,No
36,Results,PMC4407900,https://www.ncbi.nlm.nih.gov/pmc/articles/PMC4407900/,...Participants remained blind to group allocation....Clinicians conducting follow-up interviews were blind to patient information....,Patients/participants_blinded,No
37,Protocol,PMC4235173,https://www.ncbi.nlm.nih.gov/pmc/articles/PMC4235173/,...Participants will be blind to group allocation and it will not be possible for participants to tell from the online training interface which group they have been assigned to....The researcher responsible for testing participants at baseline and post- intervention outcome assessments will not be involved in the allocation of participant IDs and will be blind to participants‚Äô group allocation....,Patients/participants_blinded | Outcome assessors_blinded,No
37,Results,PMC9007089,https://www.ncbi.nlm.nih.gov/pmc/articles/PMC9007089/,"...Additionally, and importantly for the robust RCT design of the current study, the ‚Äúresearch edition‚Äù of Cogmed RM offers the ability to effectively blind participants and researchers using adaptive and nonadaptive (placebo) versions of the training....A single-center, phase II, active-controlled RCT with participant and outcome assessor blinding, and minimized allocation (Scott et al. 2002) of participants to one of the two groups (adaptive training or nonadaptive training) according to: age (younger = 50 to 62 years/older = 63 to 74 years), sex (m/f), baseline working memory [Backward Digit Span, n trials correct (maximum = 14), low ‚â§6/high ‚â•7], and hearing aid use (unilateral/bilateral), with a 1:1 allocation....Both participants and the researchers conducting the outcome assessments were blind to participants‚Äô group allocation....",Patients/participants_blinded | Outcome assessors_blinded,No
38,Protocol,PMC3727984,https://www.ncbi.nlm.nih.gov/pmc/articles/PMC3727984/,,Not reported,No
38,Results,PMC6529670,https://www.ncbi.nlm.nih.gov/pmc/articles/PMC6529670/,,Not reported,No
39,Protocol,PMC5826976,https://www.ncbi.nlm.nih.gov/pmc/articles/PMC5826976/,"...The study data analyst is blinded to the random assignments....Therefore, the study data analyst is blinded during data collection and during analysis....",Data analysts_blinded,No
39,Results,PMC8660785,https://www.ncbi.nlm.nih.gov/pmc/articles/PMC8660785/,"...However, outcome ascertainment was blinded, given that the sensor collected and transferred data automatically....",Outcome assessors_blinded,No
40,Protocol,PMC6452278,https://www.ncbi.nlm.nih.gov/pmc/articles/PMC6452278/,"...The randomization lists for each site are stored in an access-restricted electronic folder and neither the research staff nor clinic staff know the patient‚Äôs study condition....When the research assistants introduce the intervention tasks to the patient, they remain available for questions but otherwise do not participate in the completion of the task and remain blinded to the instructions and content of the exercise....",Intervention providers_blinded | Outcome assessors_blinded,No
40,Results,PMC8678693,https://www.ncbi.nlm.nih.gov/pmc/articles/PMC8678693/,"...In brief, the trial was a multicenter patient-level, randomized, controlled, blinded (study and medical team blinded) clinical trial....Study personnel and the patient‚Äôs clinical team were blinded to treatment group.6...",Intervention providers_blinded | Outcome assessors_blinded,No
41,Protocol,PMC6421712,https://www.ncbi.nlm.nih.gov/pmc/articles/PMC6421712/,...The trial will be double-blinded (i.e. study participants and the trial team/researchers conducting the treatment and assessing the outcomes will be blinded)....,Patients/participants_blinded | Intervention providers_blinded | Outcome assessors_blinded,No
41,Results,PMC8277064,https://www.ncbi.nlm.nih.gov/pmc/articles/PMC8277064/,"...Participants, investigators, outcome assessors and the trial statistician were blinded during the whole study period....",Patients/participants_blinded | Intervention providers_blinded | Outcome assessors_blinded | Data analysts_blinded,No
42,Protocol,PMC3652773,https://www.ncbi.nlm.nih.gov/pmc/articles/PMC3652773/,"...Two trained clinical graduate students, blind to condition and session number, independently rate selected tapes....A blinded clinical graduate student telephones each participant twice in the interim between summer follow-up and the in-person next winter follow-up: once in October and once in December....A trained rater, blind to the treatment condition, administers the SIGH-SAD at pre- treatment, treatment weeks 1‚Äì5, post-treatment, summer follow-up, next winter follow-up, and second winter follow-up. A second blinded rater subsequently rates audiotapes of the live SIGH-SADs to assess inter-rater reliability....A trained and blinded clinical graduate student rater administers the LIFE live, and a second blinded clinical graduate student rates an audiotape of the LIFE to assess reliability for detecting recurrences in these interim periods....In these cases reaching the threshold for an unacceptable split between raters, two additional blinded raters are selected from our team to re-rate those particular interviews....If a consensus cannot be reached, the PI is consulted about what was said on the tape (keeping her blind to subject identity, and, therefore, group assignment) to make a final decision about the most accurate score for that item....",Outcome assessors_blinded,No
42,Results,PMC7962797,https://www.ncbi.nlm.nih.gov/pmc/articles/PMC7962797/,"...A random sample (25%) of sessions varying across condition and, for CBT-SAD, across group, session number, and therapist, were independently rated by two trained clinical psychology graduate students, blind to condition and session number....The 29-item Structured Interview Guide for the Hamilton Rating Scale for Depression‚ÄîSeasonal Affective Disorder Version (SIGH-SAD)8 was administered by a blind rater at pre-treatment, Weeks 1‚Äì5, and post-treatment....SIGH-SADs were audio-recorded and rated by a second blind rater....",Outcome assessors_blinded,No
43,Protocol,PMC7574300,https://www.ncbi.nlm.nih.gov/pmc/articles/PMC7574300/,"...All treating physicians and study coordinators will remain blinded to the allocation sequence throughout the trial....Clinical personnel, research personnel, and patients, except for the nurses who prepare the study drug (not involved in patient care, see below), will be blinded to the assigned interventions during the study period....",Intervention providers_blinded | Patients/participants_blinded | Outcome assessors_blinded | Data analysts_blinded,No
43,Results,PMC8104015,https://www.ncbi.nlm.nih.gov/pmc/articles/PMC8104015/,...Blinding to the allocation sequence was upheld for all treating physicians and study coordinators throughout the trial....,Patients/participants_blinded | Intervention providers_blinded,Yes
44,Protocol,PMC3189404,https://www.ncbi.nlm.nih.gov/pmc/articles/PMC3189404/,,Not reported,No
44,Results,PMC3816864,https://www.ncbi.nlm.nih.gov/pmc/articles/PMC3816864/,"...The sequence was concealed until the intervention was assigned, and investigators were blinded to group assignment....",Patients/participants_blinded,Yes
45,Protocol,PMC4464611,https://www.ncbi.nlm.nih.gov/pmc/articles/PMC4464611/,"...The randomisation list will be computer-generated by an independent external biometrician, who will be blinded to the identity of the participating organisations and residents....However, the biostatistician, who will not be involved in conducting the study, will perform a step-wise statistical analysis blinded towards the group allocation of residents and clusters: (1) A blinded review of data without the nursing home IDs and group allocation will be carried out; depending on data structure, necessary adaptations of statistical analysis procedure will be performed....The psychiatrists/geriatricians performing the medication review are also blinded towards group allocation. Additionally, research assistants assessing the primary endpoint will be blinded towards group allocation....",Data analysts_blinded | Outcome assessors_blinded,No
45,Results,PMC6503937,https://www.ncbi.nlm.nih.gov/pmc/articles/PMC6503937/,...A biostatistician who was not involved in conducting the study and was blinded to the group allocation of the residents and clusters performed a step-wise statistical analysis (see study protocol)....,Data analysts_blinded,No
46,Protocol,PMC3476981,https://www.ncbi.nlm.nih.gov/pmc/articles/PMC3476981/,"...Investigators performing the measurements will be blinded for the treatment group....Both the conventional treatment and PEPT will be executed in the Radboud University Nijmegen Medical Centre, with blinding of the observer during all measurements....She is blinded for the treatment group in all patients....",Outcome assessors_blinded,No
46,Results,PMC4679993,https://www.ncbi.nlm.nih.gov/pmc/articles/PMC4679993/,...We designed this trial as a randomised controlled trial with blinding of the assessor....The trained research nurse (TT) who performed all assessments prior to randomisation and during follow-up was blinded to the treatment allocation....,Outcome assessors_blinded,No
47,Protocol,PMC4127193,https://www.ncbi.nlm.nih.gov/pmc/articles/PMC4127193/,,Not reported,No
47,Results,PMC5506677,https://www.ncbi.nlm.nih.gov/pmc/articles/PMC5506677/,"...Participants were blinded to their study arm, while nurses, clinic staff, and the research team were not....",Patients/participants_blinded | Intervention providers_unblinded | Outcome assessors_unblinded | Data analysts_unblinded,No
48,Protocol,PMC5968465,https://www.ncbi.nlm.nih.gov/pmc/articles/PMC5968465/,"...However, other staff members assisting with data collection from teachers and students, data input and the statistical support persons helping with analysis will be blind to the intervention status Fig. 2....",Outcome assessors_blinded | Data analysts_blinded,No
48,Results,PMC9066809,https://www.ncbi.nlm.nih.gov/pmc/articles/PMC9066809/,...All staff conducting data entry and analysis were blind to the intervention status....,Outcome assessors_blinded | Data analysts_blinded,No
49,Protocol,PMC6935101,https://www.ncbi.nlm.nih.gov/pmc/articles/PMC6935101/,,Not reported,No
49,Results,PMC9171654,https://www.ncbi.nlm.nih.gov/pmc/articles/PMC9171654/,,Not reported,No
50,Protocol,PMC3699393,https://www.ncbi.nlm.nih.gov/pmc/articles/PMC3699393/,,Not reported,No
50,Results,PMC4115267,https://www.ncbi.nlm.nih.gov/pmc/articles/PMC4115267/,,Not reported,No
51,Protocol,PMC5584035,https://www.ncbi.nlm.nih.gov/pmc/articles/PMC5584035/,"...Randomization procedures were designed for complete allocation concealment and blinding of all participants, clinic staff, senior research staff, and trial statisticians....",Patients/participants_blinded | Intervention providers_blinded | Outcome assessors_blinded | Data analysts_blinded,No
51,Results,PMC9012360,https://www.ncbi.nlm.nih.gov/pmc/articles/PMC9012360/,"...The trial was triple-blind since the participants, study staff, investigators, and statisticians were masked to the randomized group assignments. The study statisticians who completed the primary analysis were blinded to group assignments by the use of coded labels....",Patients/participants_blinded | Intervention providers_blinded | Outcome assessors_blinded | Data analysts_blinded,No
52,Protocol,PMC5719477,https://www.ncbi.nlm.nih.gov/pmc/articles/PMC5719477/,"...Study assessors and data analysts were masked to randomization status at the baseline assessment and will remain blinded throughout the duration of the study....This trial uses the most robust design feasible in Zambia to measure the effectiveness of CETA: randomization with masking at the assessor level, ACASI-administered assessments, a TAU comparator, and multiple outcome time points with an extended follow-up period relative to many previous investigations of violence interventions in LMIC (Bourey et al. 2015)....",Outcome assessors_blinded | Data analysts_blinded,No
52,Results,PMC7164585,https://www.ncbi.nlm.nih.gov/pmc/articles/PMC7164585/,"...Research assistants who conducted outcome assessments were masked to the participant‚Äôs treatment assignment, as was the data analyst....",Outcome assessors_blinded | Data analysts_blinded,No
53,Protocol,PMC3720554,https://www.ncbi.nlm.nih.gov/pmc/articles/PMC3720554/,,Not reported,No
53,Results,PMC4371624,https://www.ncbi.nlm.nih.gov/pmc/articles/PMC4371624/,,Not reported,No
54,Protocol,PMC4248299,https://www.ncbi.nlm.nih.gov/pmc/articles/PMC4248299/,"...Trial co-ordinators and those providing clinical care will not be masked to treatment allocation, however, all members of the research team performing post-randomisation clinical assessments will be blinded....Blinding will be maintained when performing assays of biochemical biomarkers and imaging study interpretation....",Intervention providers_unblinded | Outcome assessors_blinded,No
54,Results,PMC6365841,https://www.ncbi.nlm.nih.gov/pmc/articles/PMC6365841/,"...FAIT is a two group parallel assessor blinded pragmatic randomised controlled study with 1:1 allocation....However, clinicians performing follow-up clinical assessments (hip range of movement and impingement tests) were blinded to the treatment group....",Outcome assessors_blinded,No
55,Protocol,PMC5134092,https://www.ncbi.nlm.nih.gov/pmc/articles/PMC5134092/,"...The intervention, the outcome, and the group assignment are not revealed to the participants, And the health care professionals also remain blinded....",Patients/participants_blinded | Intervention providers_blinded,No
55,Results,PMC6714428,https://www.ncbi.nlm.nih.gov/pmc/articles/PMC6714428/,...The intervention and the outcome were not disclosed to participants. The healthcare professionals also remained blinded....,Patients/participants_blinded | Intervention providers_blinded,No
56,Protocol,PMC5654192,https://www.ncbi.nlm.nih.gov/pmc/articles/PMC5654192/,"...The RCCS study team members assessing outcomes, including the primary analyst, will be blinded to intervention assignment....",Outcome assessors_blinded | Data analysts_blinded | Intervention providers_unblinded | Patients/participants_unblinded,Yes
56,Results,PMC7787382,https://www.ncbi.nlm.nih.gov/pmc/articles/PMC7787382/,...The study team and primary analyst were blinded to the intervention assignment during analyses....,Outcome assessors_blinded | Data analysts_blinded | Intervention providers_unblinded | Patients/participants_unblinded,Yes
57,Protocol,PMC6887087,https://www.ncbi.nlm.nih.gov/pmc/articles/PMC6887087/,,Not reported,No
57,Results,PMC8475664,https://www.ncbi.nlm.nih.gov/pmc/articles/PMC8475664/,...Participants and investigators were blinded to the treatment group for the duration of the study....,Patients/participants_blinded | Intervention providers_blinded | Outcome assessors_blinded,No
58,Protocol,PMC6327461,https://www.ncbi.nlm.nih.gov/pmc/articles/PMC6327461/,"...The present study is a prospective, randomized controlled, clinical trial with blind evaluator in order to assess whether EMDR adds value to the treatment in chronic tinnitus patients....",Outcome assessors_blinded,No
58,Results,PMC7511540,https://www.ncbi.nlm.nih.gov/pmc/articles/PMC7511540/,"...This prospective, randomized, controlled clinical trial with blind evaluator was conducted at the University Hospital of Antwerp and the multidisciplinary private practice Hoorzorg Van Looveren in Borsbeek, Belgium....Patients were masked to the treatment group allocation....The investigators, as well as the TRT-therapist, were also masked to the treatment group....",Outcome assessors_blinded | Patients/participants_blinded | Intervention providers_unblinded,Yes
59,Protocol,PMC6647387,https://www.ncbi.nlm.nih.gov/pmc/articles/PMC6647387/,...### Table 2 Summary of the trial registry...Randomization will be performed with a computer-generated randomization schedule provided by the Department of Medical Statistics of the Medical University of Innsbruck (MUI) in a blinded fashion for the study team and patients....Patients will receive these kits in chronological order from blinded study team members at the baseline visit....,Outcome assessors_blinded | Patients/participants_blinded | Intervention providers_blinded,Yes
59,Results,PMC7540547,https://www.ncbi.nlm.nih.gov/pmc/articles/PMC7540547/,,Not reported,No
60,Protocol,PMC3567958,https://www.ncbi.nlm.nih.gov/pmc/articles/PMC3567958/,"...Although the surgeons cannot be masked, because they will be performing the intervention, the patient, the treating neurologist, the outcome assessors (such as the investigators who will measure the functional end points), the two physiatrists of the Functional Endpoint Committee, the neuroradiologist responsible for centralized measurement of MRI and the statistician responsible for data analysis will be masked to the assigned treatment....",Intervention providers_unblinded | Patients/participants_blinded | Outcome assessors_blinded | Data analysts_blinded,Yes
60,Results,PMC5833494,https://www.ncbi.nlm.nih.gov/pmc/articles/PMC5833494/,"...Patients, all other study investigators, and operating room and hospital personnel were blinded to assignment. To maintain patient blinding, surgeons were trained to deliver a catheter venography intervention that simulated venous PTA....The scans were assessed by an experienced specialist blinded to treatment assignment....",Patients/participants_blinded | Intervention providers_unblinded | Outcome assessors_blinded | Data analysts_blinded,Yes
61,Protocol,PMC6869182,https://www.ncbi.nlm.nih.gov/pmc/articles/PMC6869182/,,Not reported,No
61,Results,PMC7439552,https://www.ncbi.nlm.nih.gov/pmc/articles/PMC7439552/,,Not reported,No
62,Protocol,PMC4031497,https://www.ncbi.nlm.nih.gov/pmc/articles/PMC4031497/,"...Though we will not be able to blind patients and clinicians to use of the decision aid, we will blind the investigators and individuals not involved in providing care to the patient allocation....The patient‚Äôs risk will be calculated using the QPTP calculator for study purposes, however, the patient and clinician will be blinded to the QPTP-structured risk assessment and the corresponding decision aid in this arm....",Patients/participants_unblinded | Intervention providers_unblinded | Outcome assessors_blinded,No
62,Results,PMC5152707,https://www.ncbi.nlm.nih.gov/pmc/articles/PMC5152707/,...All other investigators were blinded to allocation....,Patients/participants_unblinded | Intervention providers_unblinded | Outcome assessors_blinded | Data analysts_blinded,Yes
63,Protocol,PMC3179718,https://www.ncbi.nlm.nih.gov/pmc/articles/PMC3179718/,...Assessments regarding clinical recovery will be conducted by an assessor blind to treatment allocation....,Outcome assessors_blinded,No
63,Results,PMC6371462,https://www.ncbi.nlm.nih.gov/pmc/articles/PMC6371462/,"...The level of blinding at the one-year follow-up was focused on the assessor-blinded interviews, because blinding at the data analysis level was compromised during the posttreatment investigation....The assessment of clinical recovery (i.e., functioning and symptoms) was conducted through interviews with an assessor who was blinded to the treatment group allocation....",Outcome assessors_blinded | Data analysts_unblinded,No
64,Protocol,PMC4672547,https://www.ncbi.nlm.nih.gov/pmc/articles/PMC4672547/,"...The trial is observer- blinded, as measurement of psychiatric symptoms and neurocognitive function is performed by research staff blinded for group allocation....",Outcome assessors_blinded,No
64,Results,PMC7457274,https://www.ncbi.nlm.nih.gov/pmc/articles/PMC7457274/,"...Briefly, the study was designed as a randomized, controlled, parallel- group, observer-blinded clinical trial with the aim of investigating the effects of a supervised high-intensity interval training program on maximal oxygen uptake (VO2max), cognitive function and psychiatric symptom load in outpatients with schizophrenia....",Outcome assessors_blinded,No
65,Protocol,PMC3263442,https://www.ncbi.nlm.nih.gov/pmc/articles/PMC3263442/,,Not reported,No
65,Results,PMC4947351,https://www.ncbi.nlm.nih.gov/pmc/articles/PMC4947351/,,Not reported,No
66,Protocol,PMC3503643,https://www.ncbi.nlm.nih.gov/pmc/articles/PMC3503643/,...Interviewers conducting the baseline survey were blinded to the allocation of the intervention....,Outcome assessors_unblinded,Yes
66,Results,PMC4243194,https://www.ncbi.nlm.nih.gov/pmc/articles/PMC4243194/,"...At baseline, interviewers conducting the baseline survey were blinded as to the allocation of the intervention....",Outcome assessors_unblinded,Yes
67,Protocol,PMC5337660,https://www.ncbi.nlm.nih.gov/pmc/articles/PMC5337660/,,Not reported,No
67,Results,PMC7592285,https://www.ncbi.nlm.nih.gov/pmc/articles/PMC7592285/,,Not reported,No
68,Protocol,PMC6180640,https://www.ncbi.nlm.nih.gov/pmc/articles/PMC6180640/,,Not reported,No
68,Results,PMC7451542,https://www.ncbi.nlm.nih.gov/pmc/articles/PMC7451542/,,Not reported,No
69,Protocol,PMC3260439,https://www.ncbi.nlm.nih.gov/pmc/articles/PMC3260439/,"...Randomisation will be computer generated while the participants will not be aware of their intervention group (single blind)....In order to ensure and increase internal validity the urine cotinine and nicotine analysis will be performed in a separate collaborating laboratory who will be blinded in regards to participant smoking status (smoker/quitter), study group (intervention/control) and sample collection date (pre/post intervention)....",Patients/participants_blinded | Outcome assessors_blinded | Intervention providers_unblinded,No
69,Results,PMC7846038,https://www.ncbi.nlm.nih.gov/pmc/articles/PMC7846038/,...Patients were blinded to their study assignment group (single blind)....,Patients/participants_blinded | Intervention providers_unblinded | Outcome assessors_unblinded | Data analysts_unblinded,No
70,Protocol,PMC4919867,https://www.ncbi.nlm.nih.gov/pmc/articles/PMC4919867/,...In order to reduce information bias data collectors will be masked to sub- district allocation; participants will be requested not to divulge treatment allocation to data collectors; participants from different sub-districts will be allocated to each data collector; identical methods for follow-up will be employed in each arm; and those involved in data analysis will be masked to sub-district allocation....,Outcome assessors_blinded | Patients/participants_unblinded | Data analysts_blinded,No
70,Results,PMC8938762,https://www.ncbi.nlm.nih.gov/pmc/articles/PMC8938762/,...Researchers responsible for recruiting participants and collecting outcome data were masked to allocation status....All coauthors (except RB) remained masked until the final analysis was complete....,Outcome assessors_blinded | Intervention providers_blinded | Data analysts_blinded,No
71,Protocol,PMC3193523,https://www.ncbi.nlm.nih.gov/pmc/articles/PMC3193523/,...All assessment personnel are masked to randomization assignment....,Outcome assessors_blinded,No
71,Results,PMC4266388,https://www.ncbi.nlm.nih.gov/pmc/articles/PMC4266388/,...All records for hospitalizations were obtained and outcomes were reviewed and adjudicated independently by two experts who were blinded to the group randomization....,Outcome assessors_blinded,No
72,Protocol,PMC6597746,https://www.ncbi.nlm.nih.gov/pmc/articles/PMC6597746/,"...Nebulisation will be offered in a separate room, and both subjects and the pulmonary function test technician will be blinded to the group....",Patients/participants_blinded | Outcome assessors_blinded,No
72,Results,PMC8539308,https://www.ncbi.nlm.nih.gov/pmc/articles/PMC8539308/,...The PFT technician who performed spirometry tests was blinded for the randomization....,Outcome assessors_blinded,No
73,Protocol,PMC5765655,https://www.ncbi.nlm.nih.gov/pmc/articles/PMC5765655/,...Patients were blinded to which treatment group they were randomized....,Patients/participants_blinded,No
73,Results,PMC7282578,https://www.ncbi.nlm.nih.gov/pmc/articles/PMC7282578/,...Patients were not notified of their randomization allocation....,Not Reported,No
74,Protocol,PMC4037747,https://www.ncbi.nlm.nih.gov/pmc/articles/PMC4037747/,"...Participants, families, healthcare providers, data collectors, outcome adjudicators, and data analysts are blinded....",Patients/participants_blinded | Outcome assessors_blinded | Data analysts_blinded | Intervention providers_blinded,No
74,Results,PMC7242434,https://www.ncbi.nlm.nih.gov/pmc/articles/PMC7242434/,"...Participants and their parents or guardians, trial and clinical staff, and specimen and data analysts remained blinded to treatment assignment through the use of a placebo that was identical in appearance, smell, and weight to the intervention agent (i.e., probiotic)....",Patients/participants_blinded | Intervention providers_blinded | Outcome assessors_blinded | Data analysts_blinded,No
75,Protocol,PMC5634880,https://www.ncbi.nlm.nih.gov/pmc/articles/PMC5634880/,"...Both investigators and participants will be blind to the allocations....Participants, investigators, and the clinical trial pharmacist will be blinded to the treatment allocation throughout the course of the study....",Patients/participants_blinded | Intervention providers_blinded | Outcome assessors_blinded | Data analysts_blinded,Yes
75,Results,PMC9822771,https://www.ncbi.nlm.nih.gov/pmc/articles/PMC9822771/,...Both participants and investigators were blinded to the treatment allocation throughout the study....,Patients/participants_blinded | Intervention providers_blinded | Outcome assessors_blinded,No
76,Protocol,PMC4363354,https://www.ncbi.nlm.nih.gov/pmc/articles/PMC4363354/,,Not reported,No
76,Results,PMC5873374,https://www.ncbi.nlm.nih.gov/pmc/articles/PMC5873374/,,Not reported,No
77,Protocol,PMC4328054,https://www.ncbi.nlm.nih.gov/pmc/articles/PMC4328054/,,Not reported,No
77,Results,PMC8538243,https://www.ncbi.nlm.nih.gov/pmc/articles/PMC8538243/,,Not reported,No
78,Protocol,PMC7931026,https://www.ncbi.nlm.nih.gov/pmc/articles/PMC7931026/,"...These procedures ensure the blinding of the participants and research personnel, including the assessors (M.B.S. and J.J.) and therapists....",Patients/participants_blinded | Intervention providers_blinded | Outcome assessors_blinded | Data analysts_blinded,No
78,Results,PMC9225274,https://www.ncbi.nlm.nih.gov/pmc/articles/PMC9225274/,"...These procedures ensured that the participants, therapists, assessors, and statistician were blinded to the group allocation....",Patients/participants_blinded | Intervention providers_blinded | Outcome assessors_blinded | Data analysts_blinded,No
79,Protocol,PMC4074338,https://www.ncbi.nlm.nih.gov/pmc/articles/PMC4074338/,...The research assistant conducting assessments for a participant is blind to every participants‚Äô assigned treatment condition....,Outcome assessors_blinded,No
79,Results,PMC4919206,https://www.ncbi.nlm.nih.gov/pmc/articles/PMC4919206/,,Not reported,No
80,Protocol,PMC5838559,https://www.ncbi.nlm.nih.gov/pmc/articles/PMC5838559/,,Not reported,No
80,Results,PMC7654934,https://www.ncbi.nlm.nih.gov/pmc/articles/PMC7654934/,,Not reported,No
81,Protocol,PMC3039582,https://www.ncbi.nlm.nih.gov/pmc/articles/PMC3039582/,"...Analysis will be performed offline (Argus Software, Siemens, Erlangen, Germany) by a single blinded observer for the assessment of ventricular volumes (end-diastolic, end-systolic and stroke volumes), function (ejection fraction) and left ventricular mass [23,25]....Analysis will be performed offline by a single blinded observer using an EchoPAC workstation (GE Vingmed Ultrasound, Horten, Norway)....Scans will be reported by an experienced bone densitometry clinical scientist blinded to clinical data....",Outcome assessors_blinded,No
81,Results,PMC3636795,https://www.ncbi.nlm.nih.gov/pmc/articles/PMC3636795/,"...Analysis was performed offline (Argus Software; Siemens, Erlangen, Germany) by a single blinded observer (C.D.C.) using manual planimetry for determination of ventricular volumes (end diastolic, end systolic, and stroke volumes), function (ejection fraction), and LV mass, which was indexed to body surface area....",Outcome assessors_blinded,No
82,Protocol,PMC8053307,https://www.ncbi.nlm.nih.gov/pmc/articles/PMC8053307/,"...This is a double-blind study with the treating physician and patients blinded....The trial is double-blind, meaning that the participants, investigators and other study staff are unaware of the treatment assignment....",Patients/participants_blinded | Intervention providers_blinded | Outcome assessors_blinded | Data analysts_blinded,No
82,Results,PMC8747778,https://www.ncbi.nlm.nih.gov/pmc/articles/PMC8747778/,"...Participants, investigators, and study staff remained unaware of the treatment assignment....",Patients/participants_blinded | Intervention providers_blinded | Outcome assessors_blinded | Data analysts_blinded,No
83,Protocol,PMC5422966,https://www.ncbi.nlm.nih.gov/pmc/articles/PMC5422966/,"...Hospital staff are not actively informed about the patient‚Äôs allocation....However, registration regarding complications, hospital length of stay, re-operations, re-admittances, mortality and sick leave will be blinded. The nurses and surgeons responsible for providing care during the hospital stay are not actively informed about allocation....",Patients/participants_unblinded | Intervention providers_unblinded | Outcome assessors_blinded,Yes
83,Results,PMC8820776,https://www.ncbi.nlm.nih.gov/pmc/articles/PMC8820776/,"...Medical staff was not actively informed about allocation during hospital care, and outcome assessors for postoperative complications and length of hospital stay were masked regarding allocation....Information regarding postoperative complications, length of hospital stays, readmissions, and reoperations were collected to case report forms from healthcare records by a single investigator masked regarding allocation....After 100 recruited participants, a preplanned interim sample size re- estimation was performed by an external independent data monitoring committee masked regarding allocation.11...",Patients/participants_unblinded | Intervention providers_unblinded | Outcome assessors_blinded,Yes
84,Protocol,PMC4617887,https://www.ncbi.nlm.nih.gov/pmc/articles/PMC4617887/,"...Randomization will be stratified for gender and patients will be blinded for the assigned treatment during the first two years of follow-up....The data will then be blinded correspondingly in all data analyses....However, patients are blinded to their treatment and thus would not affect the patient reported outcome....",Patients/participants_blinded | Data analysts_blinded | Outcome assessors_blinded,No
84,Results,PMC6613852,https://www.ncbi.nlm.nih.gov/pmc/articles/PMC6613852/,"...The participants were blinded to the choice of treatment, but the surgeons and staff were not. They were, however, mindful that patients were blinded and were instructed to not reveal allocation to the patients....",Patients/participants_blinded | Intervention providers_unblinded,No
85,Protocol,PMC4738785,https://www.ncbi.nlm.nih.gov/pmc/articles/PMC4738785/,,Not reported,No
85,Results,PMC7083321,https://www.ncbi.nlm.nih.gov/pmc/articles/PMC7083321/,,Not reported,No
86,Protocol,PMC4660775,https://www.ncbi.nlm.nih.gov/pmc/articles/PMC4660775/,"...Trial participants, investigators, data collectors, the statistician, and outcome assessors are blinded to the study-group assignments....",Patients/participants_blinded | Intervention providers_blinded | Outcome assessors_blinded | Data analysts_blinded,No
86,Results,PMC8899208,https://www.ncbi.nlm.nih.gov/pmc/articles/PMC8899208/,"...This trial was designed as a randomized, placebo-controlled, two-group, parallel, quadruple (participant, care provider, investigator and outcomes assessor) blind superiority trial of 36 participants with an allocation ratio of 1:1....Trial participants, investigators, data collectors, the statistician, and outcome assessors were blinded to the study-group assignments....",Patients/participants_blinded | Intervention providers_blinded | Outcome assessors_blinded | Data analysts_blinded,No
87,Protocol,PMC4696142,https://www.ncbi.nlm.nih.gov/pmc/articles/PMC4696142/,,Not reported,No
87,Results,PMC5562172,https://www.ncbi.nlm.nih.gov/pmc/articles/PMC5562172/,,Not reported,No
88,Protocol,PMC5961554,https://www.ncbi.nlm.nih.gov/pmc/articles/PMC5961554/,"...After that, just the identification code is used to identify which drug to give to which participant....This is a double-blind trial, thus neither participants nor investigators (including outcome assessors) will be aware of group assignment until the end of the study period....",Patients/participants_blinded | Intervention providers_blinded | Outcome assessors_blinded | Data analysts_blinded,No
88,Results,PMC8801800,https://www.ncbi.nlm.nih.gov/pmc/articles/PMC8801800/,"...This was a double-blind trial; thus, neither participants nor investigators (including outcome assessors) were aware of group assignment until the end of the study period....",Patients/participants_blinded | Intervention providers_blinded | Outcome assessors_blinded,No
89,Protocol,PMC3407514,https://www.ncbi.nlm.nih.gov/pmc/articles/PMC3407514/,...Medical record reviewers will be blinded to the randomization status of the participants....,Outcome assessors_blinded,No
89,Results,PMC5293604,https://www.ncbi.nlm.nih.gov/pmc/articles/PMC5293604/,...Investigators and statisticians were blinded to the randomization status of participants....,Data analysts_blinded | Intervention providers_blinded | Outcome assessors_blinded,No
90,Protocol,PMC5898565,https://www.ncbi.nlm.nih.gov/pmc/articles/PMC5898565/,...Neither the patients nor the clinicians will be aware of the type of adjuvant hCG administration because of the use of placebo....The study will be blinded to both physicians and the patients....,Patients/participants_blinded | Intervention providers_blinded,No
90,Results,PMC6347742,https://www.ncbi.nlm.nih.gov/pmc/articles/PMC6347742/,...The study was blinded to both the clinical staff and the subjects....,Patients/participants_blinded | Intervention providers_blinded | Outcome assessors_blinded | Data analysts_blinded,Yes
91,Protocol,PMC4683762,https://www.ncbi.nlm.nih.gov/pmc/articles/PMC4683762/,"...Single blinding will be achieved by not informing participants of any specific details of the therapy content....Participants will not be informed if they will be in a HAPIFED or in a CBT-E therapy group at any point, and any treatment materials provided to participant will not be identified as being from either HAPIFED or CBT-E manuals....Researchers conducting outcome data entry will be blind to the study group of participants....",Patients/participants_blinded | Intervention providers_unblinded | Outcome assessors_blinded,Yes
91,Results,PMC9131673,https://www.ncbi.nlm.nih.gov/pmc/articles/PMC9131673/,"...The randomization of the 98 participants occurred after the first individual session in the interventions, which was the same for all participants regardless of intervention (described below), and they were blind to their group allocation until completion of the RCT (end of 12-month follow-up). The statistician and the recruiters (with the exception of the dietitian who performed anthropometric measurements) were also blind to treatment group....",Patients/participants_blinded | Intervention providers_unblinded | Outcome assessors_unblinded | Data analysts_blinded,Yes
92,Protocol,PMC6503132,https://www.ncbi.nlm.nih.gov/pmc/articles/PMC6503132/,...This enabled all participants to receive the treatment supplements and remain blinded....,Patients/participants_blinded,No
92,Results,PMC8228047,https://www.ncbi.nlm.nih.gov/pmc/articles/PMC8228047/,"...Study participants then signed the informed consent and HIPAA documents, participated in the baseline enrollment study series of assessments, were randomized using a blinded code system generated and known only by the lead study statistician and the medical monitor, and received their first 8-week supply of study DSs....",Patients/participants_blinded,Yes
93,Protocol,PMC4966873,https://www.ncbi.nlm.nih.gov/pmc/articles/PMC4966873/,,Not reported,No
93,Results,PMC9224093,https://www.ncbi.nlm.nih.gov/pmc/articles/PMC9224093/,...The assessment was carried out by a researcher who was blind to the patient allocation process....,Outcome assessors_blinded,No
94,Protocol,PMC3146889,https://www.ncbi.nlm.nih.gov/pmc/articles/PMC3146889/,"...The research team will be blinded to the results of the randomization....Because the EPA and DHA capsules are not identical in appearance, all subjects will receive some placebo capsules....",Patients/participants_blinded | Intervention providers_blinded | Outcome assessors_blinded | Data analysts_blinded,Yes
94,Results,PMC4010222,https://www.ncbi.nlm.nih.gov/pmc/articles/PMC4010222/,,Not reported,No
95,Protocol,PMC3155829,https://www.ncbi.nlm.nih.gov/pmc/articles/PMC3155829/,,Not reported,No
95,Results,PMC5023160,https://www.ncbi.nlm.nih.gov/pmc/articles/PMC5023160/,...The laboratory technologists reading the slides were blind to treatment allocation....,Outcome assessors_blinded,No
96,Protocol,PMC4807574,https://www.ncbi.nlm.nih.gov/pmc/articles/PMC4807574/,...The allocation was concealed from the two independent observers assessing participants and data managers....,Outcome assessors_blinded,No
96,Results,PMC6657860,https://www.ncbi.nlm.nih.gov/pmc/articles/PMC6657860/,,Not reported,No
97,Protocol,PMC4827169,https://www.ncbi.nlm.nih.gov/pmc/articles/PMC4827169/,...The research assistants were blinded to the randomization result for measurement of the outcomes and for data entry....,Outcome assessors_blinded,No
97,Results,PMC6296522,https://www.ncbi.nlm.nih.gov/pmc/articles/PMC6296522/,...The scoring of all tests was blinded to the investigators....,Outcome assessors_blinded,No
98,Protocol,PMC3543344,https://www.ncbi.nlm.nih.gov/pmc/articles/PMC3543344/,,Not reported,No
98,Results,PMC5412730,https://www.ncbi.nlm.nih.gov/pmc/articles/PMC5412730/,,Not reported,No
99,Protocol,PMC3165063,https://www.ncbi.nlm.nih.gov/pmc/articles/PMC3165063/,,Not reported,No
99,Results,PMC6355152,https://www.ncbi.nlm.nih.gov/pmc/articles/PMC6355152/,,Not reported,No
100,Protocol,PMC3661346,https://www.ncbi.nlm.nih.gov/pmc/articles/PMC3661346/,...The measurement and intervention teams function independently so as to blind members of the former group to each school‚Äôs randomization status throughout the entire study....,Outcome assessors_blinded | Intervention providers_unblinded,Yes
100,Results,PMC6982403,https://www.ncbi.nlm.nih.gov/pmc/articles/PMC6982403/,...The measurement coordinator re-trained any staff members who experienced lapses in accuracy and ensured all staff were blinded to condition....,Outcome assessors_blinded,No