PairID,Protocol/Results,PMCID,Link,Text,Stopping guidelines (select the best answer),Used full article,CJV Notes
1,Protocol,PMC3117715,https://www.ncbi.nlm.nih.gov/pmc/articles/PMC3117715/,,Not reported,No,
1,Results,PMC3698942,https://www.ncbi.nlm.nih.gov/pmc/articles/PMC3698942/,,Not reported,No,
2,Protocol,PMC3120681,https://www.ncbi.nlm.nih.gov/pmc/articles/PMC3120681/,"...The pilot study will be reviewed by DSMB who will advise the Steering Committee on the feasibility and safety of the study and on appropriateness of continuing the study. The final decision about whether to continue the study will be made by the Steering Committee....### Stopping Rules For Participants & Trial Sites #### Deviation from protocol treatment The following cases will be considered deviation from the trial protocol....1) Prohibited concurrent treatments were administered in Step I or II 2) The participant was not randomised within the pre-specified time frame for week 3. 3) The participant cannot take any sertraline in Step I. 4) The participant switches to manic/hypomanic/mixed in Step I. 5) The participant turns out to suffer from bipolar disorder, schizophrenia or dementia in Step II. The treating physician is to judge whether 1) through 5) has occurred. If so judged, the physician should immediately notify the site CRC, who will notify the central office. If 1) through 4) occurs in Step I, the randomization for step II will not be made but assessment will continue. If 1) or 5) occurs in Step II, the patient will be analysed as randomized. #### Stopping intervention If the participant meets any one of the following conditions, the trial physician will stop the protocol treatment at his/her discretion....1) The participant wishes to stop the protocol treatment. 2) The trial physician judges that it is difficult to continue the protocol treatment because of emergence of serious adverse events (SAE) as defined below. 3) The trial physician judges that the risk outweighs benefit in continuing the protocol treatment even when no SAE is reported. 4) The participant becomes pregnant and the trial physician judges that the risk outweighs benefit in continuing the protocol treatment. 5) The trial physician judges that it is inappropriate to continue the protocol treatment for any other reason. #### Stopping assessment If the participant meets any one of the following conditions, he/she will never be contacted for assessments. 1) The participant withdraws consent to receiving protocol assessments, regardless of whether he/she is continuing the protocol treatment. #### Dropping trial sites If the trial site meets any of the following conditions, it will be judged ""dropout"" and will no longer be able to recruit patients. However, the patients who have already entered the study will be followed-up. 1) The principal trial physician withdraws his consent. 2) No study entry was made within 6 months. 3) The Steering Committee judges that it is inappropriate to continue recruitment at this site....#### Data monitoring and site audit ##### Data monitoring The data centre will provide the following data monitoring report to the Steering Committee and the DSMB every six months. The chair of the DSMB will assess the data monitoring report, and if he/she finds an ethical problem in the continuation of the trial from the viewpoints of safety or effectiveness, he/she will convene the DSMB and advise the principal investigator to change or stop the study. The data monitoring report will include: 1) Progress of the trial regarding trial entry and follow-up 2) Implementation of assessments (allocation will be masked) 3) Incidence of serious adverse events (allocation will be masked) 4) Any other problems....### Stopping Rule For Study The study will be discontinued by the Steering Committee (or the principal investigator in the case of an emergency) upon advice from the DSMB if any of the following conditions is met. 1) The causal relationship between any of the protocol treatments and serious adverse events including death is established by this study or by any other study. 2) Provision of study drugs becomes impossible for any reason....##### Interim analyses We will not perform interim analyses to examine the study hypotheses for two reasons. First, we are not expecting a huge effect size for the planned comparisons and second, it is theoretically likely that trials stopped early for benefit may overestimate the true effect size. However, we will examine the following aspects in order to ascertain the feasibility of the study without revealing the treatment allocation. 1) Number of entered subjects per trial site to calculate the number of trial sites and the time necessary to complete the intended study 2) The intra-cluster correlation coefficient will be calculated in order to make sure that it is not very different from the one assumed in this protocol. We will re-calculate the sample size if necessary. The analyses for the pilot study will be given in detail in the ""Statistical Analysis Plan.""...#### Data and Safety Monitoring Board: DSMB DSMB will consist of three professionals in clinical trials and in psychiatry, who are not involved in this trial: Dr Teruhiko Higuchi (Psychiatrist, National Centre for Neurology and Psychiatry), Professor Yoshio Hirayasu (Psychiatrist, Yokohama City University) and Akiko Kada (Biostatistician, National Cerebral and Cardiovascular Center). The purpose of DSMB is to check the data monitoring reports prepared by the data centre and make recommendations, where necessary, to the principal investigator....",Reported no stopping guidelines used  ,No,
2,Results,PMC6040068,https://www.ncbi.nlm.nih.gov/pmc/articles/PMC6040068/,...An independent data monitoring committee oversaw the trial....,Not Reported  ,Yes,
3,Protocol,PMC3355035,https://www.ncbi.nlm.nih.gov/pmc/articles/PMC3355035/,,Not reported,No,
3,Results,PMC4260077,https://www.ncbi.nlm.nih.gov/pmc/articles/PMC4260077/,,Not reported,No,
4,Protocol,PMC3418177,https://www.ncbi.nlm.nih.gov/pmc/articles/PMC3418177/,,Not reported,No,
4,Results,PMC3770709,https://www.ncbi.nlm.nih.gov/pmc/articles/PMC3770709/,,Not reported,No,
5,Protocol,PMC6069849,https://www.ncbi.nlm.nih.gov/pmc/articles/PMC6069849/,,Not reported,No,
5,Results,PMC6977217,https://www.ncbi.nlm.nih.gov/pmc/articles/PMC6977217/,,Not reported,No,
6,Protocol,PMC3751729,https://www.ncbi.nlm.nih.gov/pmc/articles/PMC3751729/,...No interim analysis is planned for this trial....,Reported no stopping guidelines used  ,No,
6,Results,PMC4210495,https://www.ncbi.nlm.nih.gov/pmc/articles/PMC4210495/,,Not reported,No,
7,Protocol,PMC6311046,https://www.ncbi.nlm.nih.gov/pmc/articles/PMC6311046/,...A Data Monitoring Committee has not been established....,Not Reported  ,Yes,
7,Results,PMC6537555,https://www.ncbi.nlm.nih.gov/pmc/articles/PMC6537555/,...The sponsor deemed that a data monitoring committee was not required....,Not Reported  ,Yes,
8,Protocol,PMC4219009,https://www.ncbi.nlm.nih.gov/pmc/articles/PMC4219009/,,Not reported,No,
8,Results,PMC5732507,https://www.ncbi.nlm.nih.gov/pmc/articles/PMC5732507/,,Not reported,No,
9,Protocol,PMC3297520,https://www.ncbi.nlm.nih.gov/pmc/articles/PMC3297520/,,Not reported,No,
9,Results,PMC3524425,https://www.ncbi.nlm.nih.gov/pmc/articles/PMC3524425/,,Not reported,No,
10,Protocol,PMC3898142,https://www.ncbi.nlm.nih.gov/pmc/articles/PMC3898142/,,Not reported,No,
10,Results,PMC3781531,https://www.ncbi.nlm.nih.gov/pmc/articles/PMC3781531/,,Not reported,No,
11,Protocol,PMC6112404,https://www.ncbi.nlm.nih.gov/pmc/articles/PMC6112404/,"...One member of the the data and safety monitoring board (HM) and a statistician (OG) will evaluate the available primary endpoint 1 year data of approximately 100 patients around 1 July 2019 in order to assess whether the treatment period should be prolonged by 6 months....The data and safety monitoring board (DSMB) consists of the following experts: HM (Department of Cardiology, OUH), Christian Torp-Pedersen (Department of Cardiology and Clinical Epidemiology, Aalborg University) and Lars K√∏ber (Department of Cardiology, Rigshospitalet), who all have large experience with clinical randomised trials....An independent DSMB is established to perform ongoing safety surveillance. None of the DSMB members are directly or indirectly involved in the coordination, execution or analysis of the study....If there is a reason for concern, the DSMB can advise to interrupt the study for further analysis, and the study can be terminated prematurely if the number of severe adverse events is significantly higher in the treatment group versus the placebo group. This will be discussed in a meeting with the investigators and DSMB....",Reported stopping guidelines used ,No,
11,Results,PMC9047644,https://www.ncbi.nlm.nih.gov/pmc/articles/PMC9047644/,,Not reported,No,
12,Protocol,PMC5153683,https://www.ncbi.nlm.nih.gov/pmc/articles/PMC5153683/,,Not reported,No,
12,Results,PMC7939944,https://www.ncbi.nlm.nih.gov/pmc/articles/PMC7939944/,,Not reported,No,
13,Protocol,PMC4025413,https://www.ncbi.nlm.nih.gov/pmc/articles/PMC4025413/,"...The weighted inverse normal combination method and an O'Brien-Fleming-design will be used with a binding stopping for futility....An interim analysis was conducted at 50% recruitment (90 patients enrolled, 56 in-study, 34 dropout)....",Reported stopping guidelines used ,No,
13,Results,PMC8710519,https://www.ncbi.nlm.nih.gov/pmc/articles/PMC8710519/,"...We report herein on a pre-specified substudy of the EST trial which was only conducted prior to interim analysis of the main trial (10)....One-hundred percentage of the data was externally monitored by the Interdisciplinary Center for Clinical Studies at the University Medical Center Mainz, which was also responsible for aspects of patient safety and compliance monitoring, auditing, regulatory....",Not Reported  ,Yes,
14,Protocol,PMC4446829,https://www.ncbi.nlm.nih.gov/pmc/articles/PMC4446829/,,Not reported,No,
14,Results,PMC5741924,https://www.ncbi.nlm.nih.gov/pmc/articles/PMC5741924/,,Not reported,No,
15,Protocol,PMC3973868,https://www.ncbi.nlm.nih.gov/pmc/articles/PMC3973868/,,Not reported,No,
15,Results,PMC8296136,https://www.ncbi.nlm.nih.gov/pmc/articles/PMC8296136/,,Not reported,No,
16,Protocol,PMC5379660,https://www.ncbi.nlm.nih.gov/pmc/articles/PMC5379660/,,Not reported,No,
16,Results,PMC9380327,https://www.ncbi.nlm.nih.gov/pmc/articles/PMC9380327/,,Not reported,No,
17,Protocol,PMC3481366,https://www.ncbi.nlm.nih.gov/pmc/articles/PMC3481366/,"...Nevertheless, data on vascular occlusive events and seizures will be collected as secondary outcomes and will be presented to the independent Data Monitoring Committee (DMC) for unblinded review....The trial will routinely collect data on adverse events which may theoretically be associated with this product and the condition under investigation, and these will be reviewed by the independent DMC....The trial may be terminated early by the Trial Steering Committee (TSC). The independent DMC may give advice/recommendation for the early termination of the trial but the TSC is responsible for the final decision....The DMC has the responsibility for deciding whether, while randomization is in progress, the unblinded results (or the unblinded results for a particular subgroup), should be revealed to the TSC. The DMC Charter states that they will do this if, and only if, the following two conditions are satisfied: (1) the results provide proof beyond reasonable doubt that treatment is on balance either definitely harmful or definitely favourable for all, or for a particular category of participants in terms of the major outcome; and (2) the results, if revealed, would be expected to substantially change the prescribing patterns of clinicians who are already familiar with any other trial results that exist. Exact criteria for ‚Äúproof beyond reasonable doubt‚Äù are not, and cannot be, specified by a purely mathematical stopping rule, but they are strongly influenced by such rules. The DMC Charter is in agreement with the Peto-Haybittle stopping rule whereby an interim analysis of a major endpoint would generally need to involve a difference between treatment and control of at least three standard errors to justify premature disclosure [28,29]. An interim subgroup analysis would, of course, have to be even more extreme to justify disclosure. This rule has the advantage that the exact number and timing of interim analyses need not be pre-specified. In summary, the stopping rules require extreme differences to justify premature disclosure, and involve an appropriate combination of mathematical stopping rules and scientific judgment....",Reported stopping guidelines used ,No,
17,Results,PMC6853170,https://www.ncbi.nlm.nih.gov/pmc/articles/PMC6853170/,"...The data monitoring committee was not consulted about the change....Because the trial was assessed as low risk (tranexamic acid is widely used and the trial was considered to have a low risk of bias), we used central trial monitoring and central statistical monitoring in conjunction with investigator training, meetings, and written guidance....The safety of participants was overseen by an independent data monitoring committee, which reviewed four unblinded interim analyses....Data Monitoring and Ethics Committee‚ÄîMichael J Clarke (chair), Samuel C Ohaegbulam, Anthony Rodgers, and Tony Brady (independent statistician)....",Not Reported  ,Yes,
18,Protocol,PMC4570710,https://www.ncbi.nlm.nih.gov/pmc/articles/PMC4570710/,...No interim analyses have been conducted....,Reported no stopping guidelines used  ,No,
18,Results,PMC5466913,https://www.ncbi.nlm.nih.gov/pmc/articles/PMC5466913/,,Not reported,No,
19,Protocol,PMC5859815,https://www.ncbi.nlm.nih.gov/pmc/articles/PMC5859815/,,Not reported,No,
19,Results,PMC7877039,https://www.ncbi.nlm.nih.gov/pmc/articles/PMC7877039/,,Not reported,No,
20,Protocol,PMC4710982,https://www.ncbi.nlm.nih.gov/pmc/articles/PMC4710982/,"...Investigators propose to conduct one interim analysis using the O‚ÄôBrien Fleming rule when 50 % per protocol subject accrual has been achieved. Termination will be done if p < 0.01 is observed with respect to the null hypothesis of inferiority....An independent Data Safety Monitoring Board (DSMB) has been formed to monitor safety of study participants, providing study oversight by un-blinded monitoring of study results to ensure safety of participants. If a safety signal is observed, the DSMB may stop this study prior to full recruitment....",Reported stopping guidelines used ,No,
20,Results,PMC7244232,https://www.ncbi.nlm.nih.gov/pmc/articles/PMC7244232/,"...The trial was overseen by a Technical Steering Committee (TSC) and a Data Safety and Monitoring Board (DSMB) (registered at ClinicalTrials.gov - NCT02372461)....After interim analysis of 1,000 participants, the overall TF was found to be lower, 3.5%....Interim analyses were performed using an O‚ÄôBrien-Fleming approach for the purpose of safety by an independent statistician supervised by DSMB. A statistical and/or clinically meaningful difference in adverse events including death was sought between the two arms in a blinded manner, at a significance level of Œ±= 0.01 for stopping trial....",Reported stopping guidelines used ,No,
21,Protocol,PMC3406972,https://www.ncbi.nlm.nih.gov/pmc/articles/PMC3406972/,"...Implementation of the Universal Distribution Phase of the trial is conditional upon results of the Comparative Phase and feedback from the Data Safety and Monitoring Board....An independent Data Safety and Monitoring Board (DSMB) consisting of national and regional experts was established. Stopping guidelines for efficacy were agreed upon by the DSMB members and the investigating team prior to the trial, using Lan-DeMets boundaries and nominal p-values for group sequential analyses estimated using O‚ÄôBrien-Fleming spending function [29,30]. A single interim analysis was conducted at ~47 % of the initially planned overall recruitment (December 2011). At the interim analysis, the DSMB recommended continuation of the trial, and suggested extending total enrollment to the extent possible given available resources....",Reported stopping guidelines used ,No,
21,Results,PMC3794862,https://www.ncbi.nlm.nih.gov/pmc/articles/PMC3794862/,"...Two additional CHO catchment areas were selected to replace non-compliant CHOs both of which were in the oxytocin group, following the single interim meeting of the Data Safety and Monitoring Board in December 2011....In December 2011 (with 47% of the initial sample size achieved), our Data Safety and Monitoring Board met to examine trial progress. An external analyst assessed effectiveness of the intervention and confidentially presented results to the Board, which assessed them according to predetermined stopping guidelines (nominal alpha 0.00305, calculated using O'Brien-Fleming spending function)....In a posthoc calculation, estimates of control-group incidence of PPH and coefficient of variation were updated at this time using data available at the interim analysis to re-estimate power to detect a 50% reduction in PPH-1 (67.6%) and PPH-2 (91.0%) given this increased sample size....",Reported stopping guidelines used ,No,
22,Protocol,PMC7745514,https://www.ncbi.nlm.nih.gov/pmc/articles/PMC7745514/,,Not reported,No,
22,Results,PMC8852666,https://www.ncbi.nlm.nih.gov/pmc/articles/PMC8852666/,,Not reported,No,
23,Protocol,PMC3345610,https://www.ncbi.nlm.nih.gov/pmc/articles/PMC3345610/,,Not reported,No,
23,Results,PMC4055800,https://www.ncbi.nlm.nih.gov/pmc/articles/PMC4055800/,,Not reported,No,
24,Protocol,PMC5935890,https://www.ncbi.nlm.nih.gov/pmc/articles/PMC5935890/,,Not reported,No,
24,Results,PMC6546207,https://www.ncbi.nlm.nih.gov/pmc/articles/PMC6546207/,,Not reported,No,
25,Protocol,PMC3651718,https://www.ncbi.nlm.nih.gov/pmc/articles/PMC3651718/,"...An ‚Äòad interim‚Äô analysis was planned after the enrollment of 70 patients per group....It was evaluated by the SedaEN Steering Committee (see Appendix): since no safety issues were reported, and interesting trends were found about the main outcome, patients‚Äô enrollment was completed according to the established planning....",Not Reported  ,Yes,
25,Results,PMC6323792,https://www.ncbi.nlm.nih.gov/pmc/articles/PMC6323792/,"...After the first 140 patients were enrolled, an interim analysis was planned....### Interim analysis...Clear recommendations were communicated to all the local investigators during the two planned meetings (24‚Äì25 March and 15 September 2012), and during the principal investigator‚Äôs visits to each participating center....",Not Reported  ,Yes,
26,Protocol,PMC5857085,https://www.ncbi.nlm.nih.gov/pmc/articles/PMC5857085/,,Not reported,No,
26,Results,PMC7038903,https://www.ncbi.nlm.nih.gov/pmc/articles/PMC7038903/,,Not reported,No,
27,Protocol,PMC6893558,https://www.ncbi.nlm.nih.gov/pmc/articles/PMC6893558/,,Not reported,No,
27,Results,PMC8144928,https://www.ncbi.nlm.nih.gov/pmc/articles/PMC8144928/,,Not reported,No,
28,Protocol,PMC5832903,https://www.ncbi.nlm.nih.gov/pmc/articles/PMC5832903/,,Not reported,No,
28,Results,PMC7076411,https://www.ncbi.nlm.nih.gov/pmc/articles/PMC7076411/,,Not reported,No,
29,Protocol,PMC3061925,https://www.ncbi.nlm.nih.gov/pmc/articles/PMC3061925/,"...If this regimen is found to be ineffective according to pre-specified criteria at the time of an interim analysis, the trial design allows for recruitment and randomisation into the two arms to continue with a higher single-dose (see Type of Analysis section)....Two interim analyses are planned after recruitment of a pre-specified number of patients per arm, to allow for rapid elimination of inadequate dosage regimens. The interim analysis will be assessed at the secondary endpoint, initial cure, measured on day 30, where treatment is initiated on day 1 Figure11....Interim analyses are planned after recruitment of 20 and 40 patients per arm. Randomisation will pause once the desired number of patients for each interim analysis has been recruited, in order to carry out the interim analysis and assess if the trial will continue with the current single-dose or a higher single-dose. If interim results indicate a Fisher's test of a difference with a p-value ‚â§ 0.05, randomisation will re-start with the next highest dose in the single-dose regimen arm. Interim analyses will take place as pre-specified for each dosage tested in the single-dose treatment arm....All SAEs will be reported to and reviewed by the Medical Coordinator within 24 hours and reported to the Data and Safety Monitoring Board (DSMB) within 7 days....An interim analysis report presenting the efficacy (95% confidence intervals) in each arm and the p-value from a Fisher's test of a difference will be provided to the DSMB....The DSMB will review the results and report back to the coordination group, to confirm if the stopping rule for a single-dose has been met. Adverse event listings are to be provided at the request of the DSMB. The DSMB, through the Chair may request additional efficacy and safety data if they have concerns relating to trial conduct or other ethical and safety issues [19]....A decision for premature termination will be taken in consultation and agreement with the sponsor, investigators and DSMB....",Reported stopping guidelines used ,No,
29,Results,PMC3894173,https://www.ncbi.nlm.nih.gov/pmc/articles/PMC3894173/,"...Two interim analyses were planned, after enrolment of 20 and 40 patients per arm, for early detection of inefficacious single doses, based on parasite clearance at day 30 (figure 2) and/or worsening clinical conditions....Interim analyses were based on day 30 cure in the Intention-to-Treat (ITT) population. Decision-making at each interim analysis was based on a test of difference between the parasite clearance rates in the single dose arm and multiple dose arms....### Table 2 Interim analyses and non-comparative efficacy analysis for primary (day 210) and secondary (day 30) end points....For the first interim analysis, comparing the 7¬∑5 mg/kg single dose to the multiple dose regimen with 20 and 18 patients per arm, respectively, in the two Ethiopian sites, the stopping rule was met (Table 2: Fisher's exact test, p = 0¬∑015)....The stopping rule was not met (chi-squared test, p = 0.196), but based on the observed poor efficacy overall, and following discussions with the Data Safety and Monitoring Board (DSMB) and investigators, the sponsor terminated the trial....",Reported stopping guidelines used ,No,
30,Protocol,PMC3148988,https://www.ncbi.nlm.nih.gov/pmc/articles/PMC3148988/,,Not reported,No,
30,Results,PMC4961392,https://www.ncbi.nlm.nih.gov/pmc/articles/PMC4961392/,,Not reported,No,
31,Protocol,PMC5994046,https://www.ncbi.nlm.nih.gov/pmc/articles/PMC5994046/,,Not reported,No,
31,Results,PMC6814122,https://www.ncbi.nlm.nih.gov/pmc/articles/PMC6814122/,,Not reported,No,
32,Protocol,PMC3045905,https://www.ncbi.nlm.nih.gov/pmc/articles/PMC3045905/,...As no interim analyses are planned there is no need for further multiple adjustments....,Reported no stopping guidelines used  ,No,
32,Results,PMC3781106,https://www.ncbi.nlm.nih.gov/pmc/articles/PMC3781106/,,Not reported,No,
33,Protocol,PMC3192674,https://www.ncbi.nlm.nih.gov/pmc/articles/PMC3192674/,,Not reported,No,
33,Results,PMC3625218,https://www.ncbi.nlm.nih.gov/pmc/articles/PMC3625218/,,Not reported,No,
34,Protocol,PMC4676178,https://www.ncbi.nlm.nih.gov/pmc/articles/PMC4676178/,,Not reported,No,
34,Results,PMC6593322,https://www.ncbi.nlm.nih.gov/pmc/articles/PMC6593322/,,Not reported,No,
35,Protocol,PMC3045306,https://www.ncbi.nlm.nih.gov/pmc/articles/PMC3045306/,"...At this point, randomization will be temporarily halted, and there will be a 6 month pause during which the first set of patients assigned to each of the 3 arms will be allowed to complete the treatment period and have their response to the therapy evaluated. If in either of the experimental groups - adalimumab or galactose groups-- there are one or fewer responders among the first 17 randomized patients, that group will be dropped from further consideration....",Reported stopping guidelines used ,No,
35,Results,PMC4511259,https://www.ncbi.nlm.nih.gov/pmc/articles/PMC4511259/,,Not reported,No,
36,Protocol,PMC3816245,https://www.ncbi.nlm.nih.gov/pmc/articles/PMC3816245/,...An interim analysis will only be conducted to check that the planned number of participants have been retained in the trial following enrolment....,Reported no stopping guidelines used  ,No,
36,Results,PMC4407900,https://www.ncbi.nlm.nih.gov/pmc/articles/PMC4407900/,,Not reported,No,
37,Protocol,PMC4235173,https://www.ncbi.nlm.nih.gov/pmc/articles/PMC4235173/,,Not reported,No,
37,Results,PMC9007089,https://www.ncbi.nlm.nih.gov/pmc/articles/PMC9007089/,,Not reported,No,
38,Protocol,PMC3727984,https://www.ncbi.nlm.nih.gov/pmc/articles/PMC3727984/,,Not reported,No,
38,Results,PMC6529670,https://www.ncbi.nlm.nih.gov/pmc/articles/PMC6529670/,,Not reported,No,
39,Protocol,PMC5826976,https://www.ncbi.nlm.nih.gov/pmc/articles/PMC5826976/,...SKCCC/CRC recommended forming Data and Safety Monitoring Board for this study & SKCCC/CRC will conduct random audits....,Not Reported  ,Yes,
39,Results,PMC8660785,https://www.ncbi.nlm.nih.gov/pmc/articles/PMC8660785/,,Not reported,No,
40,Protocol,PMC6452278,https://www.ncbi.nlm.nih.gov/pmc/articles/PMC6452278/,"...In addition to multisite IRB oversight, a data safety monitoring board (DSMB) is in place. The board has 3 members with expertise in biostatistics, primary care, and cardiology who are outside of the investigative team. The DSMB reviewed the protocol before the implementation and will continue to meet at least every 12 months throughout the study. The board reviews evidence of any study-related adverse events, data quality and completeness, and adherence to the protocol. DSMB meeting summaries are reported to each site IRB and to the project funder. Interim analyses and protocol revisions are currently not planned but will be conducted upon the request of the board....",Reported no stopping guidelines used  ,No,
40,Results,PMC8678693,https://www.ncbi.nlm.nih.gov/pmc/articles/PMC8678693/,"...A data and safety monitoring board met before study initiation, approved the protocol, and met at least yearly. The board monitored study conduct, data quality, and safety; no interim efficacy analyses were planned or conducted....",Reported no stopping guidelines used  ,No,
41,Protocol,PMC6421712,https://www.ncbi.nlm.nih.gov/pmc/articles/PMC6421712/,,Not reported,No,
41,Results,PMC8277064,https://www.ncbi.nlm.nih.gov/pmc/articles/PMC8277064/,,Not reported,No,
42,Protocol,PMC3652773,https://www.ncbi.nlm.nih.gov/pmc/articles/PMC3652773/,,Not reported,No,
42,Results,PMC7962797,https://www.ncbi.nlm.nih.gov/pmc/articles/PMC7962797/,,Not reported,No,
43,Protocol,PMC7574300,https://www.ncbi.nlm.nih.gov/pmc/articles/PMC7574300/,"...### Interim analyses {21b} As this is a pilot trial with a limited number of planned inclusions, no interim analysis will be performed; however, the sponsor-investigator will closely monitor the general safety of the trial participants....### Composition of the data monitoring committee, its role, and reporting structure {21a} Yearly safety rapports will be filed to the Local Ethical Committee and Danish Medicines Agency, and patient safety will be monitored closely by the sponsor- investigator and co-investigators; however, as this is a trial of limited size, no data monitoring committee will be formed....",Reported no stopping guidelines used  ,No,
43,Results,PMC8104015,https://www.ncbi.nlm.nih.gov/pmc/articles/PMC8104015/,,Not reported,No,
44,Protocol,PMC3189404,https://www.ncbi.nlm.nih.gov/pmc/articles/PMC3189404/,,Not reported,No,
44,Results,PMC3816864,https://www.ncbi.nlm.nih.gov/pmc/articles/PMC3816864/,"...An interim analysis was carried out to provide data for the baseline results, which are presented elsewhere (16). The number of patients in this final analysis was slightly larger than for the interim analysis because of late verification of collection of informed consent....",Not Reported  ,Yes,
45,Protocol,PMC4464611,https://www.ncbi.nlm.nih.gov/pmc/articles/PMC4464611/,...No interim analysis will be performed....,Reported no stopping guidelines used  ,No,
45,Results,PMC6503937,https://www.ncbi.nlm.nih.gov/pmc/articles/PMC6503937/,,Not reported,No,
46,Protocol,PMC3476981,https://www.ncbi.nlm.nih.gov/pmc/articles/PMC3476981/,,Not reported,No,
46,Results,PMC4679993,https://www.ncbi.nlm.nih.gov/pmc/articles/PMC4679993/,,Not reported,No,
47,Protocol,PMC4127193,https://www.ncbi.nlm.nih.gov/pmc/articles/PMC4127193/,,Not reported,No,
47,Results,PMC5506677,https://www.ncbi.nlm.nih.gov/pmc/articles/PMC5506677/,,Not reported,No,
48,Protocol,PMC5968465,https://www.ncbi.nlm.nih.gov/pmc/articles/PMC5968465/,...#### Data monitoring The study does not have any risks of harm....,Not Reported  ,Yes,
48,Results,PMC9066809,https://www.ncbi.nlm.nih.gov/pmc/articles/PMC9066809/,,Not reported,No,
49,Protocol,PMC6935101,https://www.ncbi.nlm.nih.gov/pmc/articles/PMC6935101/,"...### Monitoring In the event of interim analysis or definitive discontinuation of the study, the National coordinating team will obtain competent authorities the authorisation....The sponsor will conduct study quality monitoring....",Not Reported  ,Yes,
49,Results,PMC9171654,https://www.ncbi.nlm.nih.gov/pmc/articles/PMC9171654/,,Not reported,No,
50,Protocol,PMC3699393,https://www.ncbi.nlm.nih.gov/pmc/articles/PMC3699393/,,Not reported,No,
50,Results,PMC4115267,https://www.ncbi.nlm.nih.gov/pmc/articles/PMC4115267/,,Not reported,No,
51,Protocol,PMC5584035,https://www.ncbi.nlm.nih.gov/pmc/articles/PMC5584035/,...Two nonstudy statisticians will hold the randomization list codes until completion of primary analyses or until requested by the DSMB. The ToV5 DSMB reviews event rates every 6 months and will recommend any necessary changes to the trial sample size to maintain statistical power....,Not Reported  ,Yes,
51,Results,PMC9012360,https://www.ncbi.nlm.nih.gov/pmc/articles/PMC9012360/,"...We also acknowledge the efforts of the trial data and safety monitoring board, which included Dr. David Shapiro (Chair), Prof. Michael Holick, Prof. Gideon Kwesigabo, Dr. Shahin Lockman, and Dr. Salim Abdullah....",Not Reported  ,Yes,
52,Protocol,PMC5719477,https://www.ncbi.nlm.nih.gov/pmc/articles/PMC5719477/,"...The trial is monitored by a four-person Data Safety Monitoring Board (DSMB). It was mutually determined between DSMB members and study investigators that if the CETA intervention displayed statistically significant effectiveness with at least a moderate effect size at the 12-month follow-up assessment, it would be ethically appropriate to stop the trial and offer the intervention to control participants. Therefore, the DSMB will conduct an effectiveness analysis following the completion of the 12-month post-baseline assessments. The trial will be unmasked and stopped if there is a statistically significant difference between the change in primary outcome (i.e. SVAWS score among female participants) by treatment arm, defined as a Cohen's d effect size of ‚©æ0.5 and a p value of <0.05....",Reported stopping guidelines used ,No,
52,Results,PMC7164585,https://www.ncbi.nlm.nih.gov/pmc/articles/PMC7164585/,"...The trial was monitored by a 4-person Data and Safety Monitoring Board (DSMB) composed of experts on IPV, alcohol misuse, and randomized trials that were based in both sub-Saharan Africa and the US, including 1 author (NG). At the commencement of the study, the DSMB and study investigators agreed on stopping rules due to the high-risk characteristics of the study population. Specifically, an effectiveness analysis was planned following the 12-month post-baseline assessment with all available (i.e., non-imputed) data. If CETA was found to be clinically (Cohen‚Äôs d ‚â• 0.5) and statistically (p < 0.05) more effective than TAU-Plus in reducing SVAWS physical/sexual violence subscale score, then the trial would be stopped early and CETA would be provided to control participants....The DSMB interim analysis conducted at the 12-month post-baseline assessment with non-imputed data on the SVAWS physical/sexual violence subscale found a treatment effect expressed as a Cohen‚Äôs d effect size for CETA of 0.51 (difference in mean change = ‚àí8.5, 95% CI ‚àí13.8 to ‚àí3.3, p = 0.002). Based on this result, the DSMB made a recommendation to stop the trial early and offer CETA to control participants....",Reported stopping guidelines used ,No,
53,Protocol,PMC3720554,https://www.ncbi.nlm.nih.gov/pmc/articles/PMC3720554/,,Not reported,No,
53,Results,PMC4371624,https://www.ncbi.nlm.nih.gov/pmc/articles/PMC4371624/,,Not reported,No,
54,Protocol,PMC4248299,https://www.ncbi.nlm.nih.gov/pmc/articles/PMC4248299/,...A data monitoring committee (DMC) will review accumulating data and make recommendations to the trial steering committee (TSC) with respect to trial conduct and participant safety. DMC and TSC charters outline the roles and responsibilities of these committees....,Not Reported  ,Yes,
54,Results,PMC6365841,https://www.ncbi.nlm.nih.gov/pmc/articles/PMC6365841/,"...The data monitoring committee approved the sample size increase from 120 to 214 participants....Data monitoring committee: Karen Smith (principal statistician, NIHR Research Design Services, University of Leicester), Muthu Ganapathi (consultant orthopaedic surgeon, NHS Wales University Health Board), and Peter Lovell (lay representative)....",Not Reported  ,Yes,
55,Protocol,PMC5134092,https://www.ncbi.nlm.nih.gov/pmc/articles/PMC5134092/,,Not reported,No,
55,Results,PMC6714428,https://www.ncbi.nlm.nih.gov/pmc/articles/PMC6714428/,,Not reported,No,
56,Protocol,PMC5654192,https://www.ncbi.nlm.nih.gov/pmc/articles/PMC5654192/,"...#### Data monitoring Primary responsibility for data monitoring will be assumed by a Data Monitoring Committee (DMC) which will consist of study team members (senior investigators and primary analyst) without any competing interests. The DMC will oversee all data sharing, data integrity, data security, and reporting of analyses of study results. The DMC will have access to the original study database and will guide blinded primary data analyses. Study team members with potential competing interests will not be members of the DMC and will not have access to the original study database which will be kept on password-protected servers in Uganda....LC and RB will not be members of the DMC established for this study....",Not Reported  ,Yes,
56,Results,PMC7787382,https://www.ncbi.nlm.nih.gov/pmc/articles/PMC7787382/,,Not reported,No,
57,Protocol,PMC6887087,https://www.ncbi.nlm.nih.gov/pmc/articles/PMC6887087/,,Not reported,No,
57,Results,PMC8475664,https://www.ncbi.nlm.nih.gov/pmc/articles/PMC8475664/,,Not reported,No,
58,Protocol,PMC6327461,https://www.ncbi.nlm.nih.gov/pmc/articles/PMC6327461/,,Not reported,No,
58,Results,PMC7511540,https://www.ncbi.nlm.nih.gov/pmc/articles/PMC7511540/,,Not reported,No,
59,Protocol,PMC6647387,https://www.ncbi.nlm.nih.gov/pmc/articles/PMC6647387/,...No interim analysis is planned....,Reported no stopping guidelines used  ,No,
59,Results,PMC7540547,https://www.ncbi.nlm.nih.gov/pmc/articles/PMC7540547/,"...Blinded assessment of safety was performed during trial conduction via the safety data monitoring board (H.G.K., K.S., and M.P.)....",Not Reported  ,Yes,
60,Protocol,PMC3567958,https://www.ncbi.nlm.nih.gov/pmc/articles/PMC3567958/,"...### Stopping Rules Guidelines have been established to ensure that the study will be stopped as soon as possible in the event of occurrence of an unacceptable proportion of SAEs. The method used follows a Bayesian approach [55,56]. It is assumed that the number of events follows a binomial distribution, and the a priori distribution of the probability of event is a Œ≤ (1,1), which corresponds to an uninformative uniform distribution. Table 6 shows the experimental results that provide a posterior probability of 90% or more of observing a percentage of SAEs in the overall sample higher than an acceptable maximum, established at 4%. Given the current number of recruited patients, the values in Table 6 indicate the minimum number of SAEs that should alert the investigators to assess whether to continue the study. ### Table 6 Safety results that provide a posterior probability of 90% or more of observing a percentage of serious adverse events in the overall sample higher than an acceptable maximum (4%)...### Study reports The scientific responsibility for monitoring the course of the study will be entrusted to an independent data monitoring committee (IDMC) and to the SC that will work in close contact with the DCC and the CRO. The IDMC will receive a report to evaluate the progress and safety of the study every 3 months in the first year and every 4 months from the second year on, and it will inform the SC of any recommendations for an early interruption of the study. The reporting form will be defined in collaboration with the DCC and the CRO, it will be approved by SC and it will be produced by the CRO in a blinded form. Only the IDCM and the party responsible for the quality of the data may ask for an unblinded version of the report. The IDMC will evaluate safety, also taking into account early stopping rules. The IDMC will also consider whether the proportion of negative venography in the patients with positive echo Doppler results exceeds the expected 10% proportion and will discuss with the SC the possible implications for the conduct of the study. Every 4 months the DCC will provide an evaluation of study quality. Within 1.5 years after the start of recruitment, the DCC member in charge of monitoring study quality will provide a description of preliminary results on the subset of patients with 1 year of follow-up, allowing assessment of the validity of the sample size calculations. This evaluation will be submitted in blinded fashion to the IDMC for recommendations to the SC. During the study, the IDMC, in collaboration with the SC, will assess new publications on CCSVI and MS that might be relevant to the study protocol....",Reported stopping guidelines used ,No,
60,Results,PMC5833494,https://www.ncbi.nlm.nih.gov/pmc/articles/PMC5833494/,"...A trial data coordinating center was established to oversee data collection and quality and to perform the statistical analyses....The data coordinating center set up an internet-based computerized central randomization protocol stratified by participating center with variable length blocks, which assigned patients to the PTA or sham group in a 2:1 ratio....Stopping rules included serious adverse events and/or a false-positive rate for CCSVI on ECD exceeding 10%....Stopping decisions were taken without knowledge of outcomes or treatment allocations....",Reported stopping guidelines used ,No,
61,Protocol,PMC6869182,https://www.ncbi.nlm.nih.gov/pmc/articles/PMC6869182/,...This study does not have a data monitoring committee because we are not testing the safety or efficacy of a new intervention but rather the association of increasing access to the postpartum contraceptive implant with uptake of the device. Do not have any predefined stopping guidelines. No one will have access to any interim results that might influence a decision to terminate the trial early (Additional file 2)....,Reported no stopping guidelines used  ,No,
61,Results,PMC7439552,https://www.ncbi.nlm.nih.gov/pmc/articles/PMC7439552/,"...As this was a pragmatic trial testing a hypothesis about how reducing a barrier to access might increase use of already approved and commercially available contraceptives, there were no pre-specified stopping guidelines [6]....",Reported no stopping guidelines used  ,No,
62,Protocol,PMC4031497,https://www.ncbi.nlm.nih.gov/pmc/articles/PMC4031497/,"...An independent data and safety monitoring board (DSMB) will monitor safety, scientific, and ethical aspects of the study....The authority to stop the study will be retained by the DSMB and must be based on consensus....",Not Reported  ,Yes,
62,Results,PMC5152707,https://www.ncbi.nlm.nih.gov/pmc/articles/PMC5152707/,"...Potential MACEs were shared with the data safety monitoring board and discussed by the entire investigative team during monthly conference calls, and adjudicated based on consensus among site investigators....The data safety monitoring board classified this MACE as unrelated to the intervention....Data safety monitoring board: JH (chairman; Yale University School of Medicine, New Haven, CT, USA), Chadwick Miller (Department of Emergency Medicine, Wake Forest Baptist Medical Center, Winston Salem, NC, USA), Simon Mahler (Department of Emergency Medicine, Wake Forest Baptist Medical Center), and Megan E Branda (Department of Health Sciences Research, Division of Biostatistics and Informatics, Mayo Clinic, Rochester, MN, USA)....",Not Reported  ,Yes,
63,Protocol,PMC3179718,https://www.ncbi.nlm.nih.gov/pmc/articles/PMC3179718/,,Not reported,No,
63,Results,PMC6371462,https://www.ncbi.nlm.nih.gov/pmc/articles/PMC6371462/,,Not reported,No,
64,Protocol,PMC4672547,https://www.ncbi.nlm.nih.gov/pmc/articles/PMC4672547/,,Not reported,No,
64,Results,PMC7457274,https://www.ncbi.nlm.nih.gov/pmc/articles/PMC7457274/,,Not reported,No,
65,Protocol,PMC3263442,https://www.ncbi.nlm.nih.gov/pmc/articles/PMC3263442/,,Not reported,No,
65,Results,PMC4947351,https://www.ncbi.nlm.nih.gov/pmc/articles/PMC4947351/,,Not reported,No,
66,Protocol,PMC3503643,https://www.ncbi.nlm.nih.gov/pmc/articles/PMC3503643/,,Not reported,No,
66,Results,PMC4243194,https://www.ncbi.nlm.nih.gov/pmc/articles/PMC4243194/,,Not reported,No,
67,Protocol,PMC5337660,https://www.ncbi.nlm.nih.gov/pmc/articles/PMC5337660/,,Not reported,No,
67,Results,PMC7592285,https://www.ncbi.nlm.nih.gov/pmc/articles/PMC7592285/,,Not reported,No,
68,Protocol,PMC6180640,https://www.ncbi.nlm.nih.gov/pmc/articles/PMC6180640/,,Not reported,No,
68,Results,PMC7451542,https://www.ncbi.nlm.nih.gov/pmc/articles/PMC7451542/,,Not reported,No,
69,Protocol,PMC3260439,https://www.ncbi.nlm.nih.gov/pmc/articles/PMC3260439/,,Not reported,No,
69,Results,PMC7846038,https://www.ncbi.nlm.nih.gov/pmc/articles/PMC7846038/,,Not reported,No,
70,Protocol,PMC4919867,https://www.ncbi.nlm.nih.gov/pmc/articles/PMC4919867/,"...A Data Safety and Monitoring Board (DSMB) has been convened to assure the continuing safety of research participants. A clinical monitor will carry out onsite monitoring visits prior to the trial commencing, at recruitment, and at 6-month and 12-month follow-up. The trial coordinator will carry out day-to- day monitoring and will also review recruitment rates, withdrawals and losses to follow-up....",Not Reported  ,Yes,
70,Results,PMC8938762,https://www.ncbi.nlm.nih.gov/pmc/articles/PMC8938762/,...An independent Data Safety and Monitoring Board oversaw the study....,Not Reported  ,Yes,
71,Protocol,PMC3193523,https://www.ncbi.nlm.nih.gov/pmc/articles/PMC3193523/,"...The Administrative Coordinating Center is housed at the University of Florida with the Data Management, Analysis and Quality Control Center (DMAQC) located at Wake Forest University School of Medicine....A Data Safety Monitoring Board regularly reviews all adverse events....Analyses and development of data monitoring reports are performed centrally by DMAQC statisticians....#### Data Safety Monitoring Board.‚Äî A Data Safety Monitoring Board has been appointed by the National Institute on Aging....",Not Reported  ,Yes,
71,Results,PMC4266388,https://www.ncbi.nlm.nih.gov/pmc/articles/PMC4266388/,...The trial was monitored by a data and safety monitoring board appointed by the National Institute on Aging....,Not Reported  ,Yes,
72,Protocol,PMC6597746,https://www.ncbi.nlm.nih.gov/pmc/articles/PMC6597746/,,Not reported,No,
72,Results,PMC8539308,https://www.ncbi.nlm.nih.gov/pmc/articles/PMC8539308/,,Not reported,No,
73,Protocol,PMC5765655,https://www.ncbi.nlm.nih.gov/pmc/articles/PMC5765655/,"...Per several of the funding mechanisms, quarterly reports on trial progress are generated and serve as an internal data monitoring process. No external agency will monitor the data, outside the University‚Äôs IRB if necessary. The study team and physicians will have access to the quarterly report generated, should anything in the data suggest that the trial be stopped the physicians will be able to provide judgement....",Not Reported  ,Yes,
73,Results,PMC7282578,https://www.ncbi.nlm.nih.gov/pmc/articles/PMC7282578/,,Not reported,No,
74,Protocol,PMC4037747,https://www.ncbi.nlm.nih.gov/pmc/articles/PMC4037747/,"...### Safety The Data Safety Monitoring Committee (DSMC) will meet after 200 and 500 patients to review enrollment, study procedures, form completion, data quality, loss to follow-up, drop-in rate, and interim safety and efficacy results. The analyses will test the hypothesis that the probability of developing moderate to severe AGE in the probiotic arm is equal to that in the placebo arm. Conservative O‚ÄôBrien-Fleming monitoring boundaries, implemented using the Lan-DeMets alpha-spending function approach, will be used as guidelines for early stopping for safety or efficacy. Based on trends and adverse events, the DSMC may decide to meet sooner than planned using boundaries adjusted accordingly. Because this trial involves children under the age of 6 months, the DSMC has approved a plan to complete an interim safety analysis on the first 20 subjects enrolled under 6 months of age. All serious adverse events will be reported within 24 hours to the DSMC and based on these reports; the DSMC may decide to conduct a safety analysis before the full 20 subjects have been enrolled in this age group. Otherwise, a blinded analysis will be conducted after the 20 subjects <6 months of age have been enrolled. This data will be unblinded if the DSMC deems it necessary to conduct an unblinded interim safety analysis. The results of this analysis will be communicated to Health Canada at the discretion of the DSMC chair should any concerns be identified. The DSMC consists of a biostatistician (Nick Barrowman, PhD-Ottawa), and two physicians with RCT expertise (Drs. Mark Roback-Minnesota and Terry Klassen (Chair) -Winnipeg)....This information will be recorded in normal study data collection processes....Unblinding should only occur in the event that there is clinical concern regarding the possibility of bacteremia/septicemia or when it is felt by the treating physician that unblinding would alter the clinical care being provided. All patients whose therapy is intentionally unblinded will discontinue the experimental therapy. Approval from the principal investigator or designate will be obtained prior to unblinding. If the principal investigator cannot be reached, unblinding can be performed and the principal investigator informed within 24 hours via email or telephone. Subjects will be withdrawn from the study if: 1. after enrollment they are determined to meet any of the exclusion criteria. 2. the subject is admitted to an intensive care unit. 3. it is deemed by the treating physician that the child‚Äôs health may be jeopardized by continued participation in the study. 4. the patient‚Äôs caregivers wish to withdraw their child for whatever reason....",Reported stopping guidelines used ,No,
74,Results,PMC7242434,https://www.ncbi.nlm.nih.gov/pmc/articles/PMC7242434/,,Not reported,No,
75,Protocol,PMC5634880,https://www.ncbi.nlm.nih.gov/pmc/articles/PMC5634880/,,Not reported,No,
75,Results,PMC9822771,https://www.ncbi.nlm.nih.gov/pmc/articles/PMC9822771/,,Not reported,No,
76,Protocol,PMC4363354,https://www.ncbi.nlm.nih.gov/pmc/articles/PMC4363354/,,Not reported,No,
76,Results,PMC5873374,https://www.ncbi.nlm.nih.gov/pmc/articles/PMC5873374/,,Not reported,No,
77,Protocol,PMC4328054,https://www.ncbi.nlm.nih.gov/pmc/articles/PMC4328054/,,Not reported,No,
77,Results,PMC8538243,https://www.ncbi.nlm.nih.gov/pmc/articles/PMC8538243/,,Not reported,No,
78,Protocol,PMC7931026,https://www.ncbi.nlm.nih.gov/pmc/articles/PMC7931026/,,Not reported,No,
78,Results,PMC9225274,https://www.ncbi.nlm.nih.gov/pmc/articles/PMC9225274/,,Not reported,No,
79,Protocol,PMC4074338,https://www.ncbi.nlm.nih.gov/pmc/articles/PMC4074338/,"...Accordingly, we have incorporated a Data Safety Monitoring Board (DSMB) and a detailed safety protocol. The DSMB was created to monitor and ensure participants‚Äô safety through the course of treatment. Members of the DSMB include five independent researchers who have extensive experience in treatment research with BATD and depression treatment research in general. These individuals are involved in the project as DSMB members in order to guarantee objectivity regarding participants‚Äô safety, study conduct, and recommendations concerning the continuation or modification of the project‚Äôs safety protocol. These members participate in an annual teleconference to conduct continuous evaluation of the clients‚Äô safety protocol. In addition, monthly reports regarding clients‚Äô progress in both treatment conditions are generated. Any potential issues that pose risk to participants (during screening or during the study course) are discussed over the telephone with the DSMB....Within 24 hours of conducting a safety protocol, a conference call discussing relevant details takes place with all of the DSMB members. The goal of this discussion is for DSMB members to provide a future plan to ensure the participant‚Äôs safety....",Not Reported  ,Yes,
79,Results,PMC4919206,https://www.ncbi.nlm.nih.gov/pmc/articles/PMC4919206/,,Not reported,No,
80,Protocol,PMC5838559,https://www.ncbi.nlm.nih.gov/pmc/articles/PMC5838559/,"...If a P value of ‚â§0.006 is achieved at 9 months, then the study will terminate because the efficacy boundary will have been achieved....An interim analysis will be conducted at 9 months using the Lan‚ÄêDeMets version of the O'Brien‚ÄêFleming group sequential boundaries for a 2‚Äêlook sequential design (1 interim at 9 months + final analysis). For the interim analysis, the statistical power to test the primary study endpoint is 80% based on a sample size of 70 patients randomized in a 1:1 allocation ratio and an overall experimental type 1 error equal to 0.05 using a 1‚Äêsided hypothesis test. If a P value of ‚â§0.006 is achieved at 9 months, then the study will terminate because the efficacy boundary will have been achieved....The Data Safety Monitoring Board will meet at 6‚Äêmonth intervals to monitor study progress, safety, and efficacy....",Reported stopping guidelines used ,No,
80,Results,PMC7654934,https://www.ncbi.nlm.nih.gov/pmc/articles/PMC7654934/,"...Icosapent ethyl was associated with slowing of plaque progression, however, the trial at that interim analysis failed to meet stopping criteria, with no significant difference between IPE and placebo in rates of progression of LAP....",Reported stopping guidelines used ,No,
81,Protocol,PMC3039582,https://www.ncbi.nlm.nih.gov/pmc/articles/PMC3039582/,,Not reported,No,
81,Results,PMC3636795,https://www.ncbi.nlm.nih.gov/pmc/articles/PMC3636795/,,Not reported,No,
82,Protocol,PMC8053307,https://www.ncbi.nlm.nih.gov/pmc/articles/PMC8053307/,"...### Data monitoring This committee will be independent of the sponsor with relevant therapeutic and biostatistical experience to allow for the ongoing review of data from this trial. A DSMB will be convened to monitor the trial‚Äôs unblinded data focusing mainly on assuring that the study follows the protocol correctly and monitoring the safety issues related to the trial. The DSMB will meet when AEs trigger study pausing/stopping criteria are triggered. The DSMB has no competing interests. The current study will have a single interim analysis, which will occur after the recruitment and follow-up of 40% of the total number of subjects (ie, 230 subjects). The interim analysis is designed to test for early stopping for futility or efficacy and sample size re-estimation.20 The interim analysis and final analysis will be based on the sum of the stage-wise p value. Table 2 describes the interim analysis testing boundaries. ### Table 2 Interim analysis and sample size re-estimation...The regulatory authorities are independent of the sponsor....",Reported stopping guidelines used ,No,
82,Results,PMC8747778,https://www.ncbi.nlm.nih.gov/pmc/articles/PMC8747778/,"...The trial was overseen by an independent data and safety monitoring board (DSMB)....An interim analysis was planned after recruitment and follow-up of 40% of the total number of participants (i.e. 230). The interim analysis was designed to test for early stopping owing to futility or for efficacy and sample size re- estimation. The decision rules based on the study protocol were (a) to stop the trial for early efficacy if the interim analysis p-value was <0.01, (b) to stop the trial for futility if the interim analysis p-value was ‚â•0.25, or (c) to declare the trial significant if the sum of the interim analysis and final stage p-values was <0.1832 [12]....We also thank the DSMB members for their input and critical review of the data....",Reported stopping guidelines used ,No,
83,Protocol,PMC5422966,https://www.ncbi.nlm.nih.gov/pmc/articles/PMC5422966/,"...An interim sample size recalculation was decided to be performed after 6 months of follow-up data were available for the first 100 patients....An external independent data monitoring committee consisting of two physicians and a statistician performed the interim analysis on data where information about the true type of intervention was concealed....After the interim analysis, sick leave was no longer considered a primary outcome measure, and physical recovery remained the sole primary outcome measure....",Not Reported  ,Yes,
83,Results,PMC8820776,https://www.ncbi.nlm.nih.gov/pmc/articles/PMC8820776/,"...After 100 recruited participants, a preplanned interim sample size re- estimation was performed by an external independent data monitoring committee masked regarding allocation.11...This was later deemed unnecessary because the interim analysis only involved estimation of the crude rates and no hypothesis testing....",Reported no stopping guidelines used  ,No,
84,Protocol,PMC4617887,https://www.ncbi.nlm.nih.gov/pmc/articles/PMC4617887/,"...However, the study monitor, auditor, representative from any regulatory authority, as well as the appropriate Ethical Committee are permitted to review the subject‚Äôs primary medical records including laboratory test result reports, ECG reports, admission and discharge summaries, AE and SAE reports occurring during the study....",Not Reported  ,Yes,
84,Results,PMC6613852,https://www.ncbi.nlm.nih.gov/pmc/articles/PMC6613852/,,Not reported,No,
85,Protocol,PMC4738785,https://www.ncbi.nlm.nih.gov/pmc/articles/PMC4738785/,,Not reported,No,
85,Results,PMC7083321,https://www.ncbi.nlm.nih.gov/pmc/articles/PMC7083321/,...There was no data monitoring committee involved with this study....,Not Reported  ,Yes,
86,Protocol,PMC4660775,https://www.ncbi.nlm.nih.gov/pmc/articles/PMC4660775/,"...### Safety monitoring In order to (1) protect the rights and well-being of human subjects; (2) ensure that trial data are accurate, complete and verifiable from source documents; and (3) ascertain that the conduct of this trial is in compliance with the currently approved protocol, with Good Clinical Practice (GCP), and with applicable regulatory requirements, this clinical trial is being monitored by a GCP-trained, independent monitor, who is not involved in the clinical trial as part of the trial staff. The monitor will report findings before, during and after the trial....",Not Reported  ,Yes,
86,Results,PMC8899208,https://www.ncbi.nlm.nih.gov/pmc/articles/PMC8899208/,,Not reported,No,
87,Protocol,PMC4696142,https://www.ncbi.nlm.nih.gov/pmc/articles/PMC4696142/,,Not reported,No,
87,Results,PMC5562172,https://www.ncbi.nlm.nih.gov/pmc/articles/PMC5562172/,,Not reported,No,
88,Protocol,PMC5961554,https://www.ncbi.nlm.nih.gov/pmc/articles/PMC5961554/,"...The information collected will be reported to the data monitoring committee, comprising specialists in pulmonology and medical statistics who are unrelated to this trial....",Not Reported  ,Yes,
88,Results,PMC8801800,https://www.ncbi.nlm.nih.gov/pmc/articles/PMC8801800/,,Not reported,No,
89,Protocol,PMC3407514,https://www.ncbi.nlm.nih.gov/pmc/articles/PMC3407514/,,Not reported,No,
89,Results,PMC5293604,https://www.ncbi.nlm.nih.gov/pmc/articles/PMC5293604/,,Not reported,No,
90,Protocol,PMC5898565,https://www.ncbi.nlm.nih.gov/pmc/articles/PMC5898565/,"...The study team will consist of the PI, study coordinator and study co- investigators and the study will be monitored by the Data Safety and Monitoring Board (DSMB)....These assessments were included to specifically address DSMB concerns regarding potential effects of study medications on maternal or neonatal outcome....#### 2.10.1. Data and safety monitoring The DSMB will be established for this study in order to ensure patient safety. This committee will consist of two members including a University of Connecticut Health Center OB/GYN faculty member and the hospital pharmacist from IDS who will have access to study data including the master randomization list. This committee will initially review data after 10 participants are randomized to ensure study safety and then subsequently will meet at least semi-annually to evaluate safety and outcome data. If the committee were to determine the study drugs posed a significant risk to the participants then verbal and written communication will be sent to the PI to suspend the study....The DSMB will be provided with pregnancy outcome information for both mother and neonate. If there is an adverse event the DSMB will be able to determine if it is likely to be related to the study drug/procedures....",Not Reported  ,Yes,
90,Results,PMC6347742,https://www.ncbi.nlm.nih.gov/pmc/articles/PMC6347742/,"...They also thank Dr. Garry Turner, MD and Ruth LaCasse RPh of the University of Connecticut Health Center for their dedication to the DSMB....",Not Reported  ,Yes,
91,Protocol,PMC4683762,https://www.ncbi.nlm.nih.gov/pmc/articles/PMC4683762/,"...Governance of data and an independent Data Monitoring Committee (DMC) responsible for interim mid-point in recruitment safety and futility analyses of de-identified data will be conducted at the University of Western Sydney site. The DMC will be composed of a biostatistician with expertise in RCTs, and two senior independent clinical researchers with expertise in RCTs. The trial will be discontinued if assessed to be futile and/or participants‚Äô binge eating is increasing significantly and/or attrition is over 50 %. Therapists under supervision who are not blind to treatment arm will be responsible for the safety of individual participants and will receive directly any concerns about an individual from the DMC....Reports will be made regularly to the committee including results of interim safety analyses by the DMC....",Reported stopping guidelines used ,No,
91,Results,PMC9131673,https://www.ncbi.nlm.nih.gov/pmc/articles/PMC9131673/,,Not reported,No,
92,Protocol,PMC6503132,https://www.ncbi.nlm.nih.gov/pmc/articles/PMC6503132/,,Not reported,No,
92,Results,PMC8228047,https://www.ncbi.nlm.nih.gov/pmc/articles/PMC8228047/,,Not reported,No,
93,Protocol,PMC4966873,https://www.ncbi.nlm.nih.gov/pmc/articles/PMC4966873/,,Not reported,No,
93,Results,PMC9224093,https://www.ncbi.nlm.nih.gov/pmc/articles/PMC9224093/,,Not reported,No,
94,Protocol,PMC3146889,https://www.ncbi.nlm.nih.gov/pmc/articles/PMC3146889/,"...There is a three person data safety monitoring committee (DSMC) that meets quarterly. Current members of the DSMB are Drs. Barbara Luke, Charles Neal, and Dwight Rouse....",Not Reported  ,Yes,
94,Results,PMC4010222,https://www.ncbi.nlm.nih.gov/pmc/articles/PMC4010222/,"...The Data Monitoring Committee included the following: Barbara Luke, ScD, Michigan State University; Charles Neal, MD, University of Hawaii; Mel Barclay, MD (deceased), University of Michigan; and Dwight Rouse, MD, Brown University. No funding or compensation was provided for service on the Data Monitoring Committee....",Not Reported  ,Yes,
95,Protocol,PMC3155829,https://www.ncbi.nlm.nih.gov/pmc/articles/PMC3155829/,"...### Quality control and quality assurance Suitably qualified Clinical Monitors trained in GCP regularly visit trial sites to monitor all aspects of the trial including; informed consent procedures, drug accountability, source data verification, adverse event reporting, sample handling, analysis and secure data storage....A decision for premature termination will be taken in consultation and agreement with the sponsor, investigators and the DSMB. All relevant ethics committees and regulatory authorities will also be informed of the reason for termination....After recruiting 15 patients per arm, a brief interim analysis report presenting the efficacy, including the triangular analysis will be provided to the Data Safety Monitoring Board (DSMB) whose composition is based on WHO-TDR guidelines [24]. The DSMB membership includes a pharmacologist, paediatrician and an epidemiologist. The DSMB will seek advice from an external statistician when necessary....Adverse event listings are to be provided at the request of the DSMB. The DSMB, through the Chair may request additional efficacy and safety data if they have concerns relating to trial conduct or other ethical and safety issues....",Reported stopping guidelines used ,Yes,
95,Results,PMC5023160,https://www.ncbi.nlm.nih.gov/pmc/articles/PMC5023160/,"...Interim analyses were conducted once every 15 patients had reached D28 primary endpoint assessment, using all available data and were based on the ITT analysis population. During each interim analysis, triangular region tests were performed [14] and a decision was taken whether to continue or stop recruitment in each arm based on the position of the test statistic being within or outside the triangular region. Once a decision was reached for each arm to stop, a point and interval estimate for the overall proportion cured at Day 28 (p) was obtained following Whitehead [19] based on all patient data using the ITT analysis population. The proportion of patients cured at day 210 is subject to sequential stopping as far as day 28, but not thereafter....### Interim analyses The first and second interim analyses indicated that all arms should continue (Fig 2; Table 5)....The horizontal axis (V) is proportional to sample size. The vertical axis (Z) is the observed minus expected number of cures, so higher values are more favourable. Each arm is shown by a line with three points representing, from left to right, the first interim analysis (decision: continue for all arms), the second interim analysis (decision: continue for all arms) and the final analysis. The final analysis (shown here) includes patients whose follow-up was still in progress at the time of the third interim analysis, and confirmed the ‚Äòstop‚Äô decisions. Having all stopped at the same analysis, the point estimates of proportion cured are the same for all arms (85%), as are the 95% confidence intervals (77‚Äì97%). Based on the probability tree method, the point estimate at day 210 for AmBisome + SSG is 87% (95% CI 77‚Äì97%); for AmBisome + Miltefosine it is 77% (64‚Äì90%) and for Miltefosine 72% (60‚Äì85%)....The authors would like to thank all members of the field teams, including nurses and laboratory technicians in all study sites, clinical monitors and Data Safety Monitoring Board for their contribution to the study....",Reported stopping guidelines used ,No,
96,Protocol,PMC4807574,https://www.ncbi.nlm.nih.gov/pmc/articles/PMC4807574/,,Not reported,No,
96,Results,PMC6657860,https://www.ncbi.nlm.nih.gov/pmc/articles/PMC6657860/,,Not reported,No,
97,Protocol,PMC4827169,https://www.ncbi.nlm.nih.gov/pmc/articles/PMC4827169/,,Not reported,No,
97,Results,PMC6296522,https://www.ncbi.nlm.nih.gov/pmc/articles/PMC6296522/,,Not reported,No,
98,Protocol,PMC3543344,https://www.ncbi.nlm.nih.gov/pmc/articles/PMC3543344/,,Not reported,No,
98,Results,PMC5412730,https://www.ncbi.nlm.nih.gov/pmc/articles/PMC5412730/,,Not reported,No,
99,Protocol,PMC3165063,https://www.ncbi.nlm.nih.gov/pmc/articles/PMC3165063/,...A multidisciplinary Data Safety and Monitoring Board (DSMB) will monitor the trial....,Not Reported  ,Yes,
99,Results,PMC6355152,https://www.ncbi.nlm.nih.gov/pmc/articles/PMC6355152/,"...The study protocol was approved by the institutional review boards at Mayo Clinic (#09‚Äì005095; last approval, June 5, 2018), Duke University, and the University of California San Francisco, and an external data safety monitoring board oversaw study activities....### Table 1. Key Events in Fibroid Interventions: Reducing Symptoms Today and Tomorrow Study...The final study procedure was performed August 1, 2014, which allowed for 24 to 36 months of participant follow-up as determined by an interim analysis.11...",Not Reported  ,Yes,
100,Protocol,PMC3661346,https://www.ncbi.nlm.nih.gov/pmc/articles/PMC3661346/,,Not reported,No,
100,Results,PMC6982403,https://www.ncbi.nlm.nih.gov/pmc/articles/PMC6982403/,,Not reported,No,
