PairID,Protocol/Results,PMCID,Link,Text,Handling missing data (check all that were reported),Used full article
1,Protocol,PMC3117715,https://www.ncbi.nlm.nih.gov/pmc/articles/PMC3117715/,"...Analyses of primary and secondary outcomes will be by intention to treat including all those recruited, and will compare differences between MMHU and standard care:...We will use imputation methods for dealing with missing values from those who withdraw, die, or otherwise do not provide follow-up data. We will conduct sensitivity analyses to explore the robustness of the results to alternative assumptions about the randomness of missing data....",Unclear ,Yes
1,Results,PMC3698942,https://www.ncbi.nlm.nih.gov/pmc/articles/PMC3698942/,"...Outcome analyses were by intention to treat and compared differences between the specialist unit and standard care on primary and secondary outcomes....Analysis of health status outcomes for surviving participants used multiple imputation for missing data: 50 imputed datasets were created and estimates combined across datasets with Rubin‚Äôs rules.34 35...Some data were missing, and we used imputation to include all cases when possible....",Multiple imputation ,No
2,Protocol,PMC3120681,https://www.ncbi.nlm.nih.gov/pmc/articles/PMC3120681/,...The null hypothesis that the changes are not different among the treatment arms will be tested by examining treatment effect parameters in the repeated measures analyses of all the eligible subjects in the ITT analysis. We will use random effects model taking into consideration the Step I randomization and Step II randomization factors....We will impute the missing data and carry out sensitivity analyses as necessary....,Unclear ,Yes
2,Results,PMC6040068,https://www.ncbi.nlm.nih.gov/pmc/articles/PMC6040068/,"...In order to examine the optimum initial target dose of sertraline, we analysed results from all those who were cluster-randomised at week 1 to titrate sertraline up to 50 mg/day or 100 mg/day and, had they followed the protocol, would have stayed on that sertraline dose up to week 9 ‚Äî that is, those who had remitted and continued on sertraline; those who had not remitted and were randomised at week 3 to continue sertraline; and those who declined the second randomisation....Each observation was weighted by inverse probability of censoring (IPCW) to account for missing outcomes due to being allocated to the combination or switching arms at step 2 randomisation....All efficacy and safety analyses followed the intention-to-treat principle, and all patents were analysed in the groups to which they were randomised....### Table 3 Primary and secondary outcomes at week 9 for step 1 randomisation...### Table 4 Secondary outcomes at week 25 for step 1 randomisation...",Other,Yes
3,Protocol,PMC3355035,https://www.ncbi.nlm.nih.gov/pmc/articles/PMC3355035/,"...An intent-to-treat approach will be used so that subjects are considered to be in the condition to which they were randomized despite how much they actually used that type of care....Using an intent to treat analysis, participants who cannot be reached or who fail to return the cotinine strip will be considered to be still smoking....",Unclear  | Not reported,No
3,Results,PMC4260077,https://www.ncbi.nlm.nih.gov/pmc/articles/PMC4260077/,"...Using an intention-to-treat analysis, participants who were not available for follow-up or did not return the survey were considered smokers and those who did not return the cotinine test or who had an unreadable cotinine strip were considered to test positive for smoking for the biochemical confirmation analyses....To compare the two interventions on efficacy and usage, œá2 tests or Fisher‚Äôs exact tests and t tests were conducted using an intention-to-treat analysis in which non-responders were considered smokers....",Single imputation,No
4,Protocol,PMC3418177,https://www.ncbi.nlm.nih.gov/pmc/articles/PMC3418177/,,Not reported,No
4,Results,PMC3770709,https://www.ncbi.nlm.nih.gov/pmc/articles/PMC3770709/,...Data are presented of patients who completed both the baseline and follow-up measurements....The patients still undergoing CBT were not included in the analyses....,Complete case ,No
5,Protocol,PMC6069849,https://www.ncbi.nlm.nih.gov/pmc/articles/PMC6069849/,"...Furthermore, these models deal with missing data offering valid inferences, assuming that missing observations are unrelated to unobserved outcomes [70]....",Not reported,Yes
5,Results,PMC6977217,https://www.ncbi.nlm.nih.gov/pmc/articles/PMC6977217/,"...Furthermore, these models deal with missing data offering valid inferences, assuming that missing observations are unrelated to unobserved outcomes.36...",Not reported,Yes
6,Protocol,PMC3751729,https://www.ncbi.nlm.nih.gov/pmc/articles/PMC3751729/,"...The intention-to-treat (ITT) population, consisting of all subject randomly assigned to the competitive treatment strategies, will be used for the analysis of primary and secondary outcomes. Patients with missing values and patients lost during follow-up will contribute to the analysis of the primary and secondary outcomes only for the time during which data are available (censoring). Missing values in depressive symptom ratings will be imputed using the last observation carried forward (LOCF) approach: depressive ratings will be carried forward from the last available assessment to the 12-month follow up assessment. Additionally, patients in each arm will be always analysed according to the corresponding treatment group‚Äôs allocation at baseline. In order to check the consistency of this ITT approach, the primary outcome will then be analysed using a per-protocol (PP) approach....",Complete case  | Single imputation,No
6,Results,PMC4210495,https://www.ncbi.nlm.nih.gov/pmc/articles/PMC4210495/,"...All randomized subjects with at least one post-baseline assessment were considered in the analysis of primary and secondary outcomes. Patients with missing values and lost during follow-up contributed to the analysis of the primary and secondary outcomes only for the time during which data are available (censoring). Missing values in depressive symptom ratings were imputed using the last observation carried forward (LOCF) approach: depressive ratings were carried forward from the last available assessment to the 12-month follow up assessment. Additionally, patients in each arm were always analysed according to the corresponding treatment group‚Äôs allocation at baseline....",Complete case  | Single imputation,No
7,Protocol,PMC6311046,https://www.ncbi.nlm.nih.gov/pmc/articles/PMC6311046/,...All participants will be analysed on an intention to treat basis....,Not reported,Yes
7,Results,PMC6537555,https://www.ncbi.nlm.nih.gov/pmc/articles/PMC6537555/,...All participants were analysed on an intention to treat basis....,Not reported,Yes
8,Protocol,PMC4219009,https://www.ncbi.nlm.nih.gov/pmc/articles/PMC4219009/,...All study analyses will be on an intention-to-treat basis....,Not reported,Yes
8,Results,PMC5732507,https://www.ncbi.nlm.nih.gov/pmc/articles/PMC5732507/,"...To handle with missing cases, multiple imputation was used [33]....Therefore, we used baseline demographic variables as covariates when conducting imputation technique (see Table 1). Results were averaged across ten imputed data sets [33, 36]....The principle of the statistical analysis was intention to treat....",Multiple imputation ,No
9,Protocol,PMC3297520,https://www.ncbi.nlm.nih.gov/pmc/articles/PMC3297520/,"...The data will be analyzed for all of the subjects who had been randomly assigned to a group, excluding those who provided only baseline information. An intention-to-treat and per-protocol analysis will be performed....Subjects whose compliance with the KRG extract capsules is ‚â§ 70% of the total dose will be considered to have dropped-out....",Not reported,Yes
9,Results,PMC3524425,https://www.ncbi.nlm.nih.gov/pmc/articles/PMC3524425/,"...The efficacy analysis was done only with subjects who completed the study (per protocol, PP group), whereas the frequency rate of ARI was done using the Fisher's exact test. Symptom duration and score were analyzed with the Mann Whitney U test and Fisher's exact test. The safety assessment was also done only with subjects that completed the study (per protocol, PP group), and the analysis between the two groups were done using the Mann Whitney U test and Fisher's exact test....",Complete case ,No
10,Protocol,PMC3898142,https://www.ncbi.nlm.nih.gov/pmc/articles/PMC3898142/,"...Primary and secondary endpoints will be analyzed for the intent-to-treat (ITT) population, which consists of all randomized patients who have a baseline and at least one post-baseline assessment. Only the primary endpoint will be analyzed for the per protocol (PP) population, which consists of all randomized patients from the ITT population who complete the study without major protocol violations and who are compliant with the SMBG regimen (i.e., for participant in the ISM group at least 80% of the expected structured capillary glucose measurements; for the AC group <200 unstructured discretionary capillary glucose measurements)....Taking into account that maximum likelihood estimates have less bias than single imputation methods (e.g., LOCF) for missing informative and are, by definition, unbiased under a missing completely at random (MCAR) and a missing at random (MAR) mechanism of ‚Äúmissingness,‚Äù the mixed linear model described above represents an ideal choice for handling missing data and correcting for the bias potentially caused by drop-out participants in this study [51]....",Mixed effects ,No
10,Results,PMC3781531,https://www.ncbi.nlm.nih.gov/pmc/articles/PMC3781531/,"...Primary and secondary end points were analyzed on an intent-to-treat (ITT) basis including all randomized patients. Primary and secondary end points also were analyzed in the per protocol (PP) population, consisting of all randomized patients who completed the study without major protocol violations and were compliant with the SMBG regimen (i.e., ‚â•80% of the required SMBG measurements in the ISM group and ‚â§200 unstructured discretionary SMBG measurements in the AC group, the maximum measurements recommended for these patients by the Italian Standards of diabetes care) (29)....Missing data were filled in by multiple imputation assuming a missing at-random mechanism of dropout. The Monte Carlo Markov Chain technique implemented in SAS Proc MI was used to obtain 50 imputed datasets. Rubin rules implemented in SAS Proc MIANALYZE were used to combine effect estimates and to estimate 95% CIs to allow for uncertainty attributable to missing data. For the post hoc analysis, the last observation carried forward technique was used to complete missing values for patients who did not complete the study....",Multiple imputation  | Single imputation,No
11,Protocol,PMC6112404,https://www.ncbi.nlm.nih.gov/pmc/articles/PMC6112404/,...We will use the intention-to-treat principle for all analyses....Missing data will be treated as such; supplementary sensitivity analyses making use of imputed values under the missing at random assumption will be conducted for the primary analysis if more than 5% of expected data points will be missing....,Not reported,Yes
11,Results,PMC9047644,https://www.ncbi.nlm.nih.gov/pmc/articles/PMC9047644/,"...All analyses followed the intention-to-treat principle. Moreover, the main analyses of the primary outcome were repeated imputing missing 2-year AVC scores by multiple imputation including baseline characteristics as covariates....",Multiple imputation ,No
12,Protocol,PMC5153683,https://www.ncbi.nlm.nih.gov/pmc/articles/PMC5153683/,"...Because this may lead to biased parameter estimates for our models, we will identify missing data patterns and use pattern-mixture modeling to test the sensitivity of our longitudinal intervention analysis to missing data assumptions [74‚Äì77] and conduct other sensitivity analyses after imputing missing data with a range of clinically plausible values based on explicit assumptions for the missing data (e.g., best-case, worst-case; with and without multiple imputation) [78‚Äì80]....Standard intention-to-treat (ITT) estimates the average treatment effect by comparing outcomes based on assignment to treatment, but ignoring use of the treatment. Because ITT estimates do not represent treatment efficacy under noncompliance (e.g., a patient is randomized to A-CHESS but does not use the system), we will address noncompliance by also estimating treatment effects only for compliers using as-treated, per-protocol [81], and CACE (Complier Average Causal Effect) [82]....",Multiple imputation  | Other | Complete case ,No
12,Results,PMC7939944,https://www.ncbi.nlm.nih.gov/pmc/articles/PMC7939944/,"...Participants with no reported HCV test who were lost to follow-up were censored at the time of their last quarterly interview, and those who did not receive an HCV test and completed the 24-month interview were administratively censored....Participants were determined to have injected drugs or shared injection equipment if they reported previously (past 4 months) conducting the behavior on the survey, or any survey before, in which they reported HCV testing or were censored....An intention-to-treat approach was used....",Not reported,Yes
13,Protocol,PMC4025413,https://www.ncbi.nlm.nih.gov/pmc/articles/PMC4025413/,"...Primary analysis will be based on a modified intention to treat analysis set, containing all patients who received a stent and have at least one FMD measurement during follow-up....The use of a mixed model is among the methods to cope with missing data recommended by the EMA guideline on missing data in confirmatory clinical trials....",Mixed effects ,No
13,Results,PMC8710519,https://www.ncbi.nlm.nih.gov/pmc/articles/PMC8710519/,"...Per protocol, the efficacy analysis was based on a modified intention to treat analysis set, containing all patients who received at least one stent and had at least one PORH measurement during follow up....",Not reported,Yes
14,Protocol,PMC4446829,https://www.ncbi.nlm.nih.gov/pmc/articles/PMC4446829/,"...Statistical analyses will be conducted on an intention-to-treat basis, but secondary analyses will be performed, including only those considered adherent to the protocol....",Not reported,Yes
14,Results,PMC5741924,https://www.ncbi.nlm.nih.gov/pmc/articles/PMC5741924/,"...To be considered adherent to the intervention, women must have attended at least 34 of 48 (70%) of the prescribed workout sessions....Statistical analyses were conducted primarily on intention-to-treat (ITT) basis and per protocol analyses were also performed including only those adhering to the protocol (at least 34/48 (70%) sessions attended)....ITT: Intention-to-threat analysis....Maternal characteristics at baseline for the participants included in the intention-to-treat analysis for the preterm birth analyses in the intervention group and control group; PAMELA study....Maternal characteristics at baseline for the participants included in the intention-to-treat analysis for the preterm birth in the intervention group and control group; PAMELA study....",Not reported,Yes
15,Protocol,PMC3973868,https://www.ncbi.nlm.nih.gov/pmc/articles/PMC3973868/,...Analysis of effectiveness will be made followed by the intention to treat analysis....,Not reported,Yes
15,Results,PMC8296136,https://www.ncbi.nlm.nih.gov/pmc/articles/PMC8296136/,,Not reported,No
16,Protocol,PMC5379660,https://www.ncbi.nlm.nih.gov/pmc/articles/PMC5379660/,"...Withdrawals from the trial and from the allocated treatment will be included in the analysis by intention-to-treat....SPSS 21.0 will be used to enter quantitative data and cleaning the data and to carry out missing values imputation and statistical analysis....Analyses will be performed on an intention-to-treat basis....We will use imputation methods for missing data, analysis of uncertainty and non-normal distributions: i.e. standard statistical analysis of costs will be performed to test for statistical significance of results, while bootstrapping would be performed to estimate the CI of average interventional costs....",Multiple imputation ,No
16,Results,PMC9380327,https://www.ncbi.nlm.nih.gov/pmc/articles/PMC9380327/,"...Data of four were removed following their withdrawal from the study (1 in the nicotine- containing, 1 in the nicotine-free, 2 in the NRT group)....Participants were included whether they stopped smoking or not....Data were analyzed in SPSS 24 (IBM U.K. Limited, Hampshire, UK) on an intention-to-treat basis, using the ‚Äúlast observation carried forward‚Äù method for those participants that had no data for the 3- and 6-month follow-ups, respectively....A separate analysis using mixed effect models repeat measurement (MMRM) was completed after using multiple imputation for missing values for four outcome variables at 3- and 6- month follow-ups; findings did not differ to those obtained through the GEE modeling....",Single imputation | Multiple imputation ,No
17,Protocol,PMC3481366,https://www.ncbi.nlm.nih.gov/pmc/articles/PMC3481366/,"...¬∑ Data collected up to the point of withdrawal will be used in an intention- to-treat analysis....The main analyses will compare all those allocated TXA versus those allocated placebo, on an ‚Äòintention-to-treat‚Äô basis, irrespective of whether they received the allocated treatment or not....",Not reported,Yes
17,Results,PMC6853170,https://www.ncbi.nlm.nih.gov/pmc/articles/PMC6853170/,...All analyses were on an intention-to-treat basis....We did a complete case analysis with no imputation for missing data....,Complete case ,No
18,Protocol,PMC4570710,https://www.ncbi.nlm.nih.gov/pmc/articles/PMC4570710/,,Not reported,No
18,Results,PMC5466913,https://www.ncbi.nlm.nih.gov/pmc/articles/PMC5466913/,"...In the absence of baseline data for these infants, time spent fussing and colicky crying were considered to represent missing data at IW1, IW2 and FU (tables 2 and 3)....",Not reported,Yes
19,Protocol,PMC5859815,https://www.ncbi.nlm.nih.gov/pmc/articles/PMC5859815/,"...Primary analysis will be conducted based on intention to treat. Analysis of incidence data will be independent and based on cluster IRS allocation, regardless of household refusal/acceptance of spray....Additional per-protocol analysis will be adjusted by net usage, net integrity and washes, as well as ecological, sociological and economic variables in the active cohort....",Not reported,Yes
19,Results,PMC7877039,https://www.ncbi.nlm.nih.gov/pmc/articles/PMC7877039/,"...Primary analysis was done on intention-to-treat, assuming that all individuals living in an IRS cluster received IRS in their household....Sensitivity analyses and additional per protocol analysis adjustments were done considering ITN ownership and usage, household socioeconomic status, and cluster size (as defined by number of households)....",Not reported,Yes
20,Protocol,PMC4710982,https://www.ncbi.nlm.nih.gov/pmc/articles/PMC4710982/,"...The primary analysis of outcomes will be a modified per protocol analysis comparing hazards of treatment failure with 95 % confidence intervals in the placebo arm with hazards in the amoxicillin arm. In order for an enrolled child to be included in the modified per protocol analysis, s/he must have received 5 out of 6 doses, including 4 doses in the first two days....Intention to treat analysis will also be performed for comparison....",Not reported,Yes
20,Results,PMC7244232,https://www.ncbi.nlm.nih.gov/pmc/articles/PMC7244232/,"...Children missing ‚â• 2 doses including any of the first four doses were considered ineligible for per protocol analysis....Treatment adherence was defined as follows: per protocol status (taking 5/6 or 6/6 doses by day 3) or adherence to the time of treatment failure if it occurred within 3 days with no other treatment....For the analysis of primary outcome which was per-protocol, unadjusted proportions and risk difference of treatment failure (TFplacebo- TFamoxicillin) with one sided 95% CI was estimated as per standard for NI trials....Both per-protocol and intention-to-treat analysis were done....There was one protocol deviation that was not included in the analysis....",Complete case ,No
21,Protocol,PMC3406972,https://www.ncbi.nlm.nih.gov/pmc/articles/PMC3406972/,"...Analysis of each of these three definitions will follow an intent-to-treat approach; that is, enrolled women will be included in the analysis according to their cluster allocation, regardless of their specific receipt (or non- receipt) of the assigned intervention....",Not reported,Yes
21,Results,PMC3794862,https://www.ncbi.nlm.nih.gov/pmc/articles/PMC3794862/,"...Two additional CHO catchment areas were selected to replace non-compliant CHOs both of which were in the oxytocin group, following the single interim meeting of the Data Safety and Monitoring Board in December 2011....The denominator for PPH-1 and PPH-2 was all enrolled women with a quantitative blood-loss measure....The denominator for PPH-3 is all enrolled women....Analysis of primary and secondary outcomes was conducted following an intent- to-treat approach....",Not reported,Yes
22,Protocol,PMC7745514,https://www.ncbi.nlm.nih.gov/pmc/articles/PMC7745514/,...This will be an intention-to-treat analysis.107 108...Last observation carried forward will be used to compensate for missing data....,Single imputation,No
22,Results,PMC8852666,https://www.ncbi.nlm.nih.gov/pmc/articles/PMC8852666/,...This study used an intention-to-treat analysis.72...The last observation carried forward method was used to compensate for missing data....,Single imputation,No
23,Protocol,PMC3345610,https://www.ncbi.nlm.nih.gov/pmc/articles/PMC3345610/,"...Furthermore, the analysis of mixed effect models enables to handle missing data as well as the integration of time-varying factors, such as cervical dilatation, which are issues in the present study....",Mixed effects ,No
23,Results,PMC4055800,https://www.ncbi.nlm.nih.gov/pmc/articles/PMC4055800/,"...Analyses of the primary outcome were according to intention to treat (ITT) and per protocol (PP). The ITT analysis included all women randomised whereas the PP analysis excluded women who were randomised despite them not fulfilling inclusion criteria (MA n = 3; EA n = 5; SC n = 8), or who did not receive the interventions as planned (MA n = 16; EA n = 30; see Figure 1)....",Not reported,Yes
24,Protocol,PMC5935890,https://www.ncbi.nlm.nih.gov/pmc/articles/PMC5935890/,"...The statistical analysis of all primary health outcomes in the study will be done on an intention-to-treat basis....Analysis of secondary outcomes from the intensive data collection households will be conducted on an intention to treat basis, with per protocol sensitivity analyses....",Not reported,Yes
24,Results,PMC6546207,https://www.ncbi.nlm.nih.gov/pmc/articles/PMC6546207/,,Not reported,No
25,Protocol,PMC3651718,https://www.ncbi.nlm.nih.gov/pmc/articles/PMC3651718/,"...Once a patient is assigned, due to the intention-to-treat design of the study, the change of protocol arm is not possible for any reason....Statistical analysis will be conducted on an intention-to-treat basis, due to the potential high violation rate from the assigned protocol. A ‚Äòper-protocol‚Äô planned analysis will be conducted, excluding patients receiving no analgesic or sedative drugs, having an ICU stay < 48 h, or presenting assigned protocol violations in every ICU day....For the other data, missing observations will be handled with multiple imputations as calculated by the statistical package Stata 12 (Stata Corporation, College Station, TX, USA)....",Multiple imputation ,No
25,Results,PMC6323792,https://www.ncbi.nlm.nih.gov/pmc/articles/PMC6323792/,"...An intention-to-treat statistical approach was planned, because the violation rate was unpredictable a priori....There were no missing data on the main outcome, as the centralized website needed these data to be completed before allowing the validation of each patient‚Äôs recordings....",No missing data ,No
26,Protocol,PMC5857085,https://www.ncbi.nlm.nih.gov/pmc/articles/PMC5857085/,...Any missing data will be treated as ‚Äúmissing at random‚Äù and accounted with the mixed effect model....,Mixed effects ,No
26,Results,PMC7038903,https://www.ncbi.nlm.nih.gov/pmc/articles/PMC7038903/,,Not reported,No
27,Protocol,PMC6893558,https://www.ncbi.nlm.nih.gov/pmc/articles/PMC6893558/,"...All analyses will be performed using intention-to-treat. For the main analysis, we will use multiple imputation for missing data. Similar to prior work [16,19], for missing step data, including values less than 1000 steps per day, we will perform 5 sets of imputations, and results will be combined using Rubin‚Äôs standard rules [38]. We will perform sensitivity analyses using available data without imputation....",Multiple imputation  | Complete case ,No
27,Results,PMC8144928,https://www.ncbi.nlm.nih.gov/pmc/articles/PMC8144928/,"...All randomly assigned participants were included in the intention-to-treat analysis....For the prespecified main analysis, we used multiple imputation for missing data as in previous studies.18,23,24,25,26,27 Five imputations were conducted using the mice package in R, version 3.4.0 (R Foundation for Statistical Computing), which allows for participant random effects with this data structure.39...Results were combined using Rubin‚Äôs standard rules.41 This imputation approach has been used in previous work.18,23 Sensitivity analyses were conducted using collected data without multiple imputation....",Multiple imputation  | Complete case ,No
28,Protocol,PMC5832903,https://www.ncbi.nlm.nih.gov/pmc/articles/PMC5832903/,"...Intent-to-treat analysis will be used to assess the effect of the intervention by treating all eligible patients enrolled in the P2E2T2 program, regardless of intervention completion....",Not reported,Yes
28,Results,PMC7076411,https://www.ncbi.nlm.nih.gov/pmc/articles/PMC7076411/,"...This was an intention-to-treat analysis with the assumption that any dropouts were missing at random....We adopted a mixed effects maximum likelihood model that accounts for the missing data from the participants who dropped out from the study....We included all participants, regardless of intervention completion, in the intention-to-treat analysis....",Mixed effects ,No
29,Protocol,PMC3061925,https://www.ncbi.nlm.nih.gov/pmc/articles/PMC3061925/,"...The primary analysis will be by intention to treat (ITT). A per-protocol (PP) analysis will exclude patients deemed to have major protocol deviations but include minor deviations, where major and minor deviations are pre-specified prior to recruitment....",Not reported,Yes
29,Results,PMC3894173,https://www.ncbi.nlm.nih.gov/pmc/articles/PMC3894173/,"...Interim analyses were based on day 30 cure in the Intention-to-Treat (ITT) population....Cumulative data for each treatment regimen were used to calculate the percentage of patients cured, with exact binomial 95% confidence intervals (CI), at day 30 and 6 months follow-up in ITT and per-protocol (PP) analysis populations. Patients with missing outcome data were excluded from analyses....",Complete case ,No
30,Protocol,PMC3148988,https://www.ncbi.nlm.nih.gov/pmc/articles/PMC3148988/,"...The principal analysis will be done on an intention-to-treat basis; outcome measures will be analyzed according to the treatment arm to which patients are randomized regardless of subsequent crossover or non-adherence. To model the outcome variables over time, we will use a linear mixed effects model [39]....",Mixed effects ,No
30,Results,PMC4961392,https://www.ncbi.nlm.nih.gov/pmc/articles/PMC4961392/,"...The trial and the principal analyses were based on intention to treat....We also performed, as described in the original protocol, per protocol analyses including only the women in the exercise group who adhered to the exercise protocol [23]....Per protocol analyses [23] including only the women in the exercise group who adhered to the exercise protocol were performed on both primary and secondary outcomes. Adherence to the exercise protocol was defined as (1) attending ‚â• 42 organized exercise sessions, (2) attending ‚â• 28 exercise sessions + performing ‚â• 28 home exercise sessions, or (3) performing ‚â• 60 home exercise sessions....",Not reported,Yes
31,Protocol,PMC5994046,https://www.ncbi.nlm.nih.gov/pmc/articles/PMC5994046/,,Not reported,No
31,Results,PMC6814122,https://www.ncbi.nlm.nih.gov/pmc/articles/PMC6814122/,"...In this study, the specific objectives included examination of the primary outcome, DDCAT Index, by conducting: (1) Intent-to-treat analyses by study arm; and (2) Per-protocol analyses by level of NIATx participation....Initial comparisons included assessment of the estimated trajectories across study arms as randomized (intent-to-treat). In subsequent secondary per- protocol analyses, we compared the two study arms after excluding organizations that were assigned to the NIATx strategy study arm but did not meet the criteria for full participation in NIATx strategies....Based on these factors, per protocol was defined as organizations in the NIATx strategy group with full adherence (i.e., values above or equal to the average across all three categories) versus organizations in the waitlist group....Given that per-protocol comparisons do not compare groups as randomized, a causal approach known as complier average causal effect (CACE) [42‚Äì45] estimation was also employed as a way of sensitivity analysis....",Other | Unclear ,No
32,Protocol,PMC3045905,https://www.ncbi.nlm.nih.gov/pmc/articles/PMC3045905/,"...Statistical analysis will be by intention-to-treat, including all patients randomized, regardless whether or not they adhered to the treatment protocol or provided complete data sets. Only patients who withdraw their consent to use their personal data can be excluded from the analysis....",Unclear ,Yes
32,Results,PMC3781106,https://www.ncbi.nlm.nih.gov/pmc/articles/PMC3781106/,"...Sensitivity analyses included a.) monotonic transformations of the outcome parameters (Box-Cox transformations), b.) adding various covariates to the model (sex, age, duration of disease, seasons when treatment took place, etc.), c.) changing the study populations (intention-to-treat, per-protocol, complete cases, etc.), and d.) use of alternative covariance matrices (autoregressive, uncorrelated)....",Not reported,Yes
33,Protocol,PMC3192674,https://www.ncbi.nlm.nih.gov/pmc/articles/PMC3192674/,"...The data analysis of baseline characteristics is based on the intention-to-treat (ITT) population (data of all participants who are randomized will be analyzed)....In addition, the data analysis of the primary outcome is also based on per-protocol (PP) population as a supportive analysis....",Not reported,Yes
33,Results,PMC3625218,https://www.ncbi.nlm.nih.gov/pmc/articles/PMC3625218/,"...Data analysis of baseline characteristics was based on the intention-to-treat (ITT) population which included all participants who were randomized. Primary and secondary outcomes were mainly based on the data of the ITT population; however, primary outcome was also analyzed based on per-protocol (PP) population as an extra supportive analysis....",Not reported,Yes
34,Protocol,PMC4676178,https://www.ncbi.nlm.nih.gov/pmc/articles/PMC4676178/,"...All analyses will be done on an intention-to-treat basis....As a sensitivity analysis, we will repeat the analysis on a per protocol basis that will include participants who adhered to the protocol and follow-ups....",Not reported,Yes
34,Results,PMC6593322,https://www.ncbi.nlm.nih.gov/pmc/articles/PMC6593322/,"...All analyses were conducted on an intent-to-treat basis....Partially missing SF-12 data at a given time were imputed using a missing-at-random Bayesian model, which has been reported and validated [13]....",Multiple imputation ,No
35,Protocol,PMC3045306,https://www.ncbi.nlm.nih.gov/pmc/articles/PMC3045306/,...The composite primary outcome will be assessed in all patients enrolled in the trial and who are randomized to one of the three study treatments....,Not reported,Yes
35,Results,PMC4511259,https://www.ncbi.nlm.nih.gov/pmc/articles/PMC4511259/,,Not reported,No
36,Protocol,PMC3816245,https://www.ncbi.nlm.nih.gov/pmc/articles/PMC3816245/,...ITT mixed models using restricted maximum likelihood (REML) estimation will be used to account for missing data due to participant drop-outs without assuming that the last measurement is stable (the last observation carried forward assumption.43...Complete-case analyses of the primary hypotheses using data from participants who complete all seven sessions of the CBM programme will also be conducted....,Mixed effects  | Complete case ,No
36,Results,PMC4407900,https://www.ncbi.nlm.nih.gov/pmc/articles/PMC4407900/,...Efficacy analyses were conducted via mixed modeling using restricted maximum likelihood (REML) estimation....Per protocol analyses of the primary hypotheses using data from participants who completed all 7 sessions of the CBM program were also conducted....,Mixed effects  | Not reported,No
37,Protocol,PMC4235173,https://www.ncbi.nlm.nih.gov/pmc/articles/PMC4235173/,...Missing data will be accounted for using a method of multiple imputation (replaced with plausible values based on Monte Carlo-simulated data points from the data set)....,Multiple imputation ,No
37,Results,PMC9007089,https://www.ncbi.nlm.nih.gov/pmc/articles/PMC9007089/,"...A total of 57 participants completed the trial and their data were included in all subsequent analyses (Fig. 2)....For instances where, for a particular variable, data from less than three individuals were missing, plausible values were imputed on an individual basis and complete case analyses were run to assess the effect of imputation on statistical group results. Imputed values were determined by one of the following methods: when the data point for T2 was missing but T1 present, the T1 data point was substituted as the most realistic value. If the data point was missing from T3 or T4, the mean of the individual‚Äôs remaining data points (T2 and T3 for missing T4, or T2 and T4 for missing T3) was calculated and imputed as most plausible value....Finally, for cases where data from three or more individuals was missing for a particular variable, data were imputed using Multiple Imputation by Chained Equation (van Buuren & Groothuis- Oudshoorn 2011)....As such, all secondary analyses were completed using observed data only (without imputation)....",Complete case  | Single imputation | Multiple imputation ,No
38,Protocol,PMC3727984,https://www.ncbi.nlm.nih.gov/pmc/articles/PMC3727984/,,Not reported,No
38,Results,PMC6529670,https://www.ncbi.nlm.nih.gov/pmc/articles/PMC6529670/,"...Missing data were imputed if more than 50% of the item responses within a scale was present and only case by case if there was a credible reason to believe that the data could be imputed by the mean of the questionnaire....Missing data were imputed with the mean in all questionnaires, except for the questionnaire on images of god, because more than 50% of the item responses within a scale was absent so they remained missing....",Single imputation,No
39,Protocol,PMC5826976,https://www.ncbi.nlm.nih.gov/pmc/articles/PMC5826976/,"...Also, to account for dropout, the protocol also allows the addition of patients to replace those who dropout due to a condition/illness that prevents them from participating in the trial during the run-in period....",Not reported,Yes
39,Results,PMC8660785,https://www.ncbi.nlm.nih.gov/pmc/articles/PMC8660785/,...An intention-to-treat analysis was used to determine the effects of each intervention compared to control and to compare the two active interventions (MyCoach and SmartText)....Missing person-days were imputed with the average steps from the valid person-days....,Single imputation,No
40,Protocol,PMC6452278,https://www.ncbi.nlm.nih.gov/pmc/articles/PMC6452278/,"...We will employ likelihood‚Äìbased methods that utilize all available data, adjusting for covariates that are associated with missingness. If missingness is nonignorable we will employ pattern mixture models [100]. Sensitivity analyses will be carried out using multiple imputation approaches....For the primary comparisons, we will employ intent-to-treat analyses, although we expect few or none of the randomized patients to not complete an exercise....",Other | Multiple imputation ,No
40,Results,PMC8678693,https://www.ncbi.nlm.nih.gov/pmc/articles/PMC8678693/,"...Using intention-to-treat principles, the primary analysis was at the patient level using generalized linear mixed-effects models that assessed adherence over time by study group and patient race....We used full conditional likelihood‚Äìbased methods (generalized linear mixed models) that used all available data and adjusted for covariates that were associated with missingness in the final models.26,27,28...",Mixed effects ,No
41,Protocol,PMC6421712,https://www.ncbi.nlm.nih.gov/pmc/articles/PMC6421712/,"...The primary available-case analysis will include all participants with primary endpoint data. In addition, an intention-to-treat analysis for the primary endpoint assessed at 3 weeks will be conducted considering all participants with missing endpoint data as treatment failure or all as treatment success to ensure that the results are not sensitive to potential loss to follow-up bias....The analysis after 6 and 12 months of follow-up will be complemented by generalized estimating equation models with independent correlation structure and empirical estimators to account for missing data....",Complete case  | Mixed effects ,No
41,Results,PMC8277064,https://www.ncbi.nlm.nih.gov/pmc/articles/PMC8277064/,,Not reported,No
42,Protocol,PMC3652773,https://www.ncbi.nlm.nih.gov/pmc/articles/PMC3652773/,"...The primary analysis is an intent-to-treat (ITT) analysis based on multiple imputation (MI) of missing next winter SIGH-SAD scores [39-41]....Imputed values will be generated from multivariate normal models derived from subjects with next winter follow-up data, using baseline and post-treatment SIGH-SAD, HAM-D, and atypical scores, demographic variables (e.g., gender, race, age), and other baseline patient characteristics (e.g., presence of a comorbid axis I disorder, antidepressant medication status) as potential predictors....The difference between the CBT and LT groups in the proportions of subjects with a recurrence the next winter will be estimated for each of the ten data sets and the estimates will be combined using the inference methods for MI described by Little and Rubin [42]. SAS PROC MI and PROC MIANALYZE will be used to carry out the imputation and analysis....Although the models are essentially the same as those fitted to the complete data for the purpose of imputation, for this analysis they will be fitted to the imputed data sets, and the Rao-Blackwell estimates of the effects of the modifiers will be obtained [43]....",Multiple imputation ,No
42,Results,PMC7962797,https://www.ncbi.nlm.nih.gov/pmc/articles/PMC7962797/,,Not reported,No
43,Protocol,PMC7574300,https://www.ncbi.nlm.nih.gov/pmc/articles/PMC7574300/,"...All analyses will be conducted on the modified intention-to-treat population with a set significance level of p < 0.05....In case of missingness greater than 5% for the primary endpoint, multiple imputations by chained equations will be applied as sensitivity analysis with generation of 20 individual data sets....All analyses will be made on the modified intention to treat population, i.e., randomized patients for whom the study drug has been prepared and the patients next of kin has not refused participation when informed of the study and asked for consent. As listed above, missingness of greater than 5% for the primary outcome (hsCRP) will prompt the use of multiple imputation....",Multiple imputation ,No
43,Results,PMC8104015,https://www.ncbi.nlm.nih.gov/pmc/articles/PMC8104015/,"...Reported results are based on the modified intention-to-treat population defined as all randomly assigned patients who received the intervention and for whom the next of kin did not refuse consent to the trial intervention and procedures....By default, PROC MIXED estimates missing values based on maximum likelihood inference. For the primary end point (CRP), a prespecified limit of >5% missingness was set for when to perform multiple imputations....",Mixed effects  | Multiple imputation ,No
44,Protocol,PMC3189404,https://www.ncbi.nlm.nih.gov/pmc/articles/PMC3189404/,,Not reported,No
44,Results,PMC3816864,https://www.ncbi.nlm.nih.gov/pmc/articles/PMC3816864/,,Not reported,No
45,Protocol,PMC4464611,https://www.ncbi.nlm.nih.gov/pmc/articles/PMC4464611/,"...As the outcome, the analyses will focus on the group of residents living in the nursing homes after 12 months....Analysis will be based on the intention-to-treat principle....",Mixed effects,Yes
45,Results,PMC6503937,https://www.ncbi.nlm.nih.gov/pmc/articles/PMC6503937/,"...The outcome analysis after 12 months included all active participating residents of the nursing homes at that time....After excluding residents who were recruited post-randomisation from the analysis, a reduction in antipsychotic prescription rates could be observed in both groups....",Complete case ,No
46,Protocol,PMC3476981,https://www.ncbi.nlm.nih.gov/pmc/articles/PMC3476981/,"...Two analyses will be performed: an intention-to-treat analysis (ITT) and a per-protocol analysis (PP). In the ITT analysis, outcomes of all the participants will be used for the group they are originally assigned to. In the PP analysis, outcomes of protocol violators will be ignored....",Mixed effects ,Yes
46,Results,PMC4679993,https://www.ncbi.nlm.nih.gov/pmc/articles/PMC4679993/,...We conducted the statistical analysis following the intention-to-treat principle (ITT): patients were analysed in the groups to which they were allocated. We also performed a secondary analysis following the per protocol (PP) principle: only the patients who followed the randomisation protocol were analysed and the patients who opted out of the treatment allocation prior to treatment initiation were excluded from this analysis....Linear mixed models deal with missing data by predicting the best-fitting line for each patient without data imputation....,Mixed effects ,No
47,Protocol,PMC4127193,https://www.ncbi.nlm.nih.gov/pmc/articles/PMC4127193/,"...Analyses will first be undertaken using the intent-to-treat approach. Following this, a per protocol analysis will be undertaken to determine whether effectiveness varied by adherence (i.e. attending the three month booster counseling session) and potentially nurse adherence....",Multiple imputation ,Yes
47,Results,PMC5506677,https://www.ncbi.nlm.nih.gov/pmc/articles/PMC5506677/,"...Intention-to-treat analysis indicated no significant time by treatment impact for past year IPVs, reproductive coercion, safety planning behaviors, use of community resources, and mental quality of life (Table 3)....Intention-to-treat analyses found a significant differential increase of safety planning behaviors (Œ≤, 0.41; 95% CI, 0.02‚Äì0.79; P = 0.04) and improvement of mental quality of life (Œ≤, 1.45; 95% CI, 0.14‚Äì2.75; P = 0.03) at T2 among the treatment group relative to the control (Table 4)....Intention-to-treat analyses found no significant differential effects for IPVs, reproductive coercion, and mental quality of life when comparing T2 and T3 responses (Table 5)....",Not reported,Yes
48,Protocol,PMC5968465,https://www.ncbi.nlm.nih.gov/pmc/articles/PMC5968465/,...Intention-to-treat analysis will be used for data analysis....,Not reported,Yes
48,Results,PMC9066809,https://www.ncbi.nlm.nih.gov/pmc/articles/PMC9066809/,,Not reported,No
49,Protocol,PMC6935101,https://www.ncbi.nlm.nih.gov/pmc/articles/PMC6935101/,"...Analysis of the primary and secondary criteria will be performed on the intent-to-treat population. In addition, complementary per protocol analyses will be performed....",Not reported,Yes
49,Results,PMC9171654,https://www.ncbi.nlm.nih.gov/pmc/articles/PMC9171654/,"...The intention-to-treat analysis included all randomized participants. Data on compulsory admissions were obtained for all participants; no imputation was performed for the primary outcome....Missing data were addressed using multiple imputations,28 which creates multiple ‚Äúcomplete‚Äù data sets with predictions for each missing value....Fifty imputed data sets were implemented using MICE by chained equations and mitools R packages. The multiple imputation approach was compared with existing methods for handing missing data; for complete cases, imputed data were compared with the mean or the last observation carried forward....",Multiple imputation  | Complete case  | Single imputation,No
50,Protocol,PMC3699393,https://www.ncbi.nlm.nih.gov/pmc/articles/PMC3699393/,,Not reported,No
50,Results,PMC4115267,https://www.ncbi.nlm.nih.gov/pmc/articles/PMC4115267/,,Not reported,No
51,Protocol,PMC5584035,https://www.ncbi.nlm.nih.gov/pmc/articles/PMC5584035/,,Not reported,No
51,Results,PMC9012360,https://www.ncbi.nlm.nih.gov/pmc/articles/PMC9012360/,...An intent-to-treat analysis with a complete case approach was used as the primary analytic strategy for all analyses (S1 Analysis Plan)....,Complete case ,No
52,Protocol,PMC5719477,https://www.ncbi.nlm.nih.gov/pmc/articles/PMC5719477/,...All primary analyses will be based on an intent-to-treat approach with all participants who were randomized included in the final analysis. Loss to follow-up and missing data will be addressed by using multiple imputation (Azur et al. 2011)....,Single imputation,No
52,Results,PMC7164585,https://www.ncbi.nlm.nih.gov/pmc/articles/PMC7164585/,"...Primary analyses were intent-to-treat and included all enrolled participants. Multiple imputation with chained equations was used to address missing data [44]. All timepoints were included in the imputation procedure, and imputed variables included the outcomes of interest, the SVAWS subscale score, the AUDIT score, and the WHO IPV items. We followed recommendations by White and colleagues of performing a number of imputations approximately equivalent to the amount of missing data; we therefore imputed 17 datasets [45]....Table 2 presents the intervention effect for IPV outcomes following multiple imputation....All participants were included in the intent-to-treat analysis, and we believe that the use of multiple imputation procedures was appropriate for handling the missing data....",Multiple imputation ,No
53,Protocol,PMC3720554,https://www.ncbi.nlm.nih.gov/pmc/articles/PMC3720554/,"...Full information maximum likelihood (FIML) estimation under the assumption of data missing at random (MAR) will be used in analyzing incomplete data. As the normality assumption is violated, maximum likelihood with robust standard errors (MLR) will be used....",Mixed effects ,No
53,Results,PMC4371624,https://www.ncbi.nlm.nih.gov/pmc/articles/PMC4371624/,"...In both multilevel and structural equation model full information maximum likelihood (FIML) estimation under the assumption of data missing at random (MAR) was used in analyzing incomplete data. Thus, incomplete data were analysed according to intention to treatment principles....",Mixed effects ,No
54,Protocol,PMC4248299,https://www.ncbi.nlm.nih.gov/pmc/articles/PMC4248299/,...Primary analysis will be based on the ‚Äòintention to treat‚Äô population of all randomised participants regardless of their compliance with the protocol....Missing data patterns will be explored and addressed according to current best practice....,Not reported,Yes
54,Results,PMC6365841,https://www.ncbi.nlm.nih.gov/pmc/articles/PMC6365841/,"...Analysis of the primary endpoint and all secondary endpoints was according to modified intention to treat (mITT), including patients with available outcome data based on their randomised treatment allocation, regardless of compliance....The primary analysis was then repeated with additional adjustment for HADS, imaging measures of osteoarthritis (radiographic Kellgren-Lawrence grade), hip morphology (maximum cartilage Œ± angle on MRI, and centre-edge angle on anteroposterior pelvis radiograph) (analysis B); the per protocol population, excluding participants with major deviations from the trial protocol (analysis C); and six months post-intervention outcomes (analysis D)....To consider the potential impact of missing data on trial conclusions, we used multiple imputation (data missing at random) and sensitivity analysis (data not missing at random). Multiple imputation by chained equations was performed using the ‚Äúmi impute chained‚Äù command in Stata. We used a linear regression model to impute missing outcomes for the HOS ADL at eight months post- randomisation. Variables in the imputation model included all covariates in the analysis model (baseline HOS ADL (continuous), age (continuous), and sex). In addition, we included other variables that were thought to be predictive of the outcome (lateral centre-edge angle, maximum Œ± angle, Kellgren-Lawrence grade, and baseline HADS score). Imputations were run separately by treatment arm and based on a predictive mean matching approach, choosing at random one of the five HOS ADL values with the closest predicted scores. Missing data in the covariates that were included in the multiple imputation model were imputed simultaneously (multiple imputation by chained equation approach)....",Multiple imputation ,No
55,Protocol,PMC5134092,https://www.ncbi.nlm.nih.gov/pmc/articles/PMC5134092/,"...To limit the missing data in our study [36], incomplete questionnaires and incomplete spirometry measurements will be excluded....The analysis will follow the intention-to-treat principle [16]....",Not reported,Yes
55,Results,PMC6714428,https://www.ncbi.nlm.nih.gov/pmc/articles/PMC6714428/,,Not reported,No
56,Protocol,PMC5654192,https://www.ncbi.nlm.nih.gov/pmc/articles/PMC5654192/,...The primary analysis will be by intent-to-treat and use generalized linear models (GLM) with generalized estimating equation (GEE) to account for within-cluster correlations....,Mixed effects ,No
56,Results,PMC7787382,https://www.ncbi.nlm.nih.gov/pmc/articles/PMC7787382/,"...A serial cross-sectional analysis approach was chosen a priori, as high loss to follow-up was anticipated in this mobile population, and our main interest was outcomes across the entire population present at the time of survey and not just participants present at baseline. An intention-to-treat analysis adjusting for age and sex was also performed. Finally, an as-treated analysis was conducted with exposure defined as self-reported receipt of any Health Scout counseling (exposure data was also collected through the RCCS survey)....",Complete case  | Unclear ,No
57,Protocol,PMC6887087,https://www.ncbi.nlm.nih.gov/pmc/articles/PMC6887087/,"...Participants will be considered part of the intention to treat (ITT) group after receiving the first dose of the study medication...In all, 92 patients will be randomised to allow for a 10% drop-out rate from the ITT population....In the ITT population, none of the randomised participants will be excluded, and the patients will be analysed according to the randomisation group. The per-protocol population will consist of all the patients who completed the study with a documented valid baseline and a final-week assessment of the primary objective without any major protocol violations....The primary analysis will be based on the ITT population....Missing data will be estimated using the maximum likelihood method....",Mixed effects ,No
57,Results,PMC8475664,https://www.ncbi.nlm.nih.gov/pmc/articles/PMC8475664/,"...Analyses of the primary end point, change in MFR, and all secondary end points were based on the intention‚Äêto‚Äêtreat population, that is, all patients with baseline measurements that took at least 1 dose of the trial medication....Missing values were deemed missing at random and imputed implicitly by maximum likelihood estimation. When analyzing the per‚Äêprotocol population, that is, participants with both baseline and follow‚Äêup measurements, a constrained linear mixed model was also used....",Mixed effects ,No
58,Protocol,PMC6327461,https://www.ncbi.nlm.nih.gov/pmc/articles/PMC6327461/,,Not reported,No
58,Results,PMC7511540,https://www.ncbi.nlm.nih.gov/pmc/articles/PMC7511540/,,Not reported,No
59,Protocol,PMC6647387,https://www.ncbi.nlm.nih.gov/pmc/articles/PMC6647387/,"...Since an interpolation of data will not be performed in case of a drop-out, the primary analysis is a per-protocol analysis....",Complete case ,No
59,Results,PMC7540547,https://www.ncbi.nlm.nih.gov/pmc/articles/PMC7540547/,,Not reported,No
60,Protocol,PMC3567958,https://www.ncbi.nlm.nih.gov/pmc/articles/PMC3567958/,"...The intention-to- treat (ITT) analysis of 423 patients, allocated into the two treatment arms according to a randomization ratio of 1:2 (141 in the control arm and 282 in the experimental arm), will allow us to detect an absolute mean reduction of 2.1 lesions with an Œ± error of 0.05 (two-sided likelihood ratio test (LRT)) and a power of 90% (power analysis based on 5,000 simulations, assuming a negative binomial distribution)....With an enrolment of 222 patients allocated according to a randomization ratio of 1:2 (74 in control arm and 148 in experimental arm), power is sufficient to detect, based on the ITT analysis, an absolute improvement ranging from 15% to 25% (Œ± = 0.05, two-sided test on proportions), as shown in Table 4....### Table 4 Power calculation for different scenarios of baseline values and deltas of the probability of improvement at 1 year in the combined clinical end point (intention-to-treat analysis)...The main analysis will be conducted according to the principles of ITT, separately on the two subpopulations (RRMS and SPMS), which implies that all randomized patients will be retained in the original randomized arm. The secondary analysis will be run per protocol (PP) and will take into consideration all randomized patients who were positive (true CCSVI) also at the time of venography....",Not reported,Yes
60,Results,PMC5833494,https://www.ncbi.nlm.nih.gov/pmc/articles/PMC5833494/,...The main analysis was intention to treat....,Not reported,Yes
61,Protocol,PMC6869182,https://www.ncbi.nlm.nih.gov/pmc/articles/PMC6869182/,...We plan to use intention-to-treat in our analysis....,Not reported,Yes
61,Results,PMC7439552,https://www.ncbi.nlm.nih.gov/pmc/articles/PMC7439552/,,Not reported,No
62,Protocol,PMC4031497,https://www.ncbi.nlm.nih.gov/pmc/articles/PMC4031497/,,Not reported,No
62,Results,PMC5152707,https://www.ncbi.nlm.nih.gov/pmc/articles/PMC5152707/,...We followed the principle of intention to treat in the conduct of the trial and in all analyses....,Not reported,Yes
63,Protocol,PMC3179718,https://www.ncbi.nlm.nih.gov/pmc/articles/PMC3179718/,...The data analysis will be based on the principle of intention-to- treat....Missing data is a potential source of bias and therefore the operation of multiple imputations will be used to address the issue of missing values. An analysis of the drop-out will be conducted to validate the complete case analyses....,Multiple imputation ,No
63,Results,PMC6371462,https://www.ncbi.nlm.nih.gov/pmc/articles/PMC6371462/,"...The analyses were conducted according to the intent-to-treat principle, with the two-tailed level of significance for all statistical tests set at 0.05....Missing data were handled through multiple imputations, which were conducted with a linear mixed model, with post-intervention and follow-up as repeated measurements, baseline as a fixed effect covariate, and an unstructured covariance matrix....Furthermore, the linear mixed models were selected for their capacity to handle missing longitudinal data....Also, complete case analysis was conducted where it is assumed that the missing data are missing completely at random and excluded in the analysis. In complete case analysis it is presumed to describe data where the observed complete cases are representative of the sample [31]. The per-protocol analysis was performed to explore whether attendance at the IMR groups influenced the results....To address these missing data, a mixed model with multiple imputations was generated to estimate and improve the statistical test values....",Multiple imputation  | Complete case ,No
64,Protocol,PMC4672547,https://www.ncbi.nlm.nih.gov/pmc/articles/PMC4672547/,"...Statistical analyses will be performed both based on the principle of ‚Äúintention-to-treat‚Äù including everyone regardless of protocol violations, but ‚Äúper protocol‚Äù analyses will also be executed, comparing only those who completed the two treatment conditions according to the protocol....Further attrition at later stages in the study progress is accounted for by utilizing the ‚Äúintention-to treat‚Äù analysis....",Not reported,Yes
64,Results,PMC7457274,https://www.ncbi.nlm.nih.gov/pmc/articles/PMC7457274/,,Not reported,No
65,Protocol,PMC3263442,https://www.ncbi.nlm.nih.gov/pmc/articles/PMC3263442/,,Not reported,No
65,Results,PMC4947351,https://www.ncbi.nlm.nih.gov/pmc/articles/PMC4947351/,,Not reported,No
66,Protocol,PMC3503643,https://www.ncbi.nlm.nih.gov/pmc/articles/PMC3503643/,"...The analysis will be done on an intention to treat (ITT) basis, whereby data on all respondents are included whether or not they report any contact with the intervention....We plan to perform a secondary analysis to assess the effect of the intervention among those in SASA! communities who report actual exposure to the intervention....The secondary analysis will be similar to that outlined above in that it will be performed at the cluster-level and thus stick to the original randomisation employed in the allocation of the intervention....Data from individuals in intervention sites who were not exposed to SASA!, and individuals from control sites not matched to intervention receivers, will then be excluded from the analysis....This analysis, restricted to those actually receiving the intervention, deals with the dilution of effects that would be observed in an ITT analysis due to incomplete exposure among individuals in intervention sites....If individual reports of intervention exposure reach 10% in control sites, we will perform a supplementary per-protocol analysis. This will involve analysing individuals according to whether or not they were exposed to SASA!, regardless of which site they live in and which arm of the trial the site was allocated to....",Not reported,Yes
66,Results,PMC4243194,https://www.ncbi.nlm.nih.gov/pmc/articles/PMC4243194/,"...As pre-specified in the study protocol [23], the primary analysis was done at the cluster level, on an Intention to Treat (ITT) basis - data on all respondents were included according to the site they lived in regardless of whether or not they reported any contact with the intervention....A secondary analysis was conducted to assess intervention effect among those in SASA! communities who reported at least a threshold level of exposure to the intervention....",Not reported,Yes
67,Protocol,PMC5337660,https://www.ncbi.nlm.nih.gov/pmc/articles/PMC5337660/,"...In the main analysis, data will be analysed by intention to treat and then by per protocol analyses....Multiple imputation methodologies will be used to limit the amount of possible missing data....",Multiple imputation ,No
67,Results,PMC7592285,https://www.ncbi.nlm.nih.gov/pmc/articles/PMC7592285/,"...Statistical analyses were performed for the intention-to-treat (ITT), per- protocol (PP) and as-treated (AT) populations. The ITT analysis included all participants in the arms to which they were randomised, regardless of adherence to the prescribed intervention. For the PP and AT analyses, exposure to the application was defined as the completion of at least one activity or questionnaire through the app. For the PP analysis, participants in the intervention arm were defined as those randomised to that arm who completed at least one activity or questionnaire. Participants in the control arm were defined as those randomised to that arm who did not complete any activities or questionnaires through the app. For the AT analysis, participants who completed at least one activity or questionnaire through the app, independent of their allocation arm, were regarded as those exposed to the intervention. Participants who did not complete any activities or questionnaires through the application, independent of their allocation arm, were regarded as non-exposed to the intervention....Multivariate analyses, adjusted for baseline characteristics, were performed in the PP and AT populations....",Not reported,Yes
68,Protocol,PMC6180640,https://www.ncbi.nlm.nih.gov/pmc/articles/PMC6180640/,...Our primary analysis will be an intention-to treat comparison of treatment initiation ‚â§ 7 days and retention at 8 months by study arm....,Not reported,Yes
68,Results,PMC7451542,https://www.ncbi.nlm.nih.gov/pmc/articles/PMC7451542/,"...For all outcomes, the analytic approach was by intention to treat: subjects were analyzed according to the intervention they were supposed to receive, whether or not they adhere to the defined intervention. This included patients randomized to the intervention arm who screened out of immediate ART initiation by the SLATE II algorithm; they remained in the intervention arm for data analysis....After enrollment, a further eight women had a positive pregnancy test and were excluded, leaving a total of 593 study participants, who were randomized to either the standard arm (n = 297, 50%) or the intervention arm (n = 296, 50%) and were analyzed by original assigned groups....",Not reported,Yes
69,Protocol,PMC3260439,https://www.ncbi.nlm.nih.gov/pmc/articles/PMC3260439/,,Not reported,No
69,Results,PMC7846038,https://www.ncbi.nlm.nih.gov/pmc/articles/PMC7846038/,,Not reported,No
70,Protocol,PMC4919867,https://www.ncbi.nlm.nih.gov/pmc/articles/PMC4919867/,...Endpoint data will be analysed under intention-to-treat assumptions....Multiple imputation methods will then be used for participants with missing outcome data. Sensitivity analyses will include a complete case analysis and a complier average causal effect (CACE) analysis [61]....,Multiple imputation  | Complete case  | Other,No
70,Results,PMC8938762,https://www.ncbi.nlm.nih.gov/pmc/articles/PMC8938762/,"...Analyses were done in participants according to the group that they were randomised to....If two or less WHODAS items were missing, the mean score across all domain items was assigned to the missing items....The primary analyses were complete case (ie, we only included participants with data on the variables of interest). Sensitivity analyses included inclusion of participants with data collected within the timeframe of 6 weeks either side of the 12 months or at any time; exclusion of caregivers who differed between baseline and 12 months; and multiple imputation of missing data with a linear or logistic imputation model as appropriate, adjusting for factors associated with missingness, for the imputation with 50 imputed datasets....",Single imputation | Complete case  | Multiple imputation ,No
71,Protocol,PMC3193523,https://www.ncbi.nlm.nih.gov/pmc/articles/PMC3193523/,...The primary study outcome of the LIFE Study will be tested based on an intent- to-treat approach using a two-tailed 0.05 significance level....All secondary outcomes will be analyzed using an intent-to-treat approach....,Mixed effects ,Yes
71,Results,PMC4266388,https://www.ncbi.nlm.nih.gov/pmc/articles/PMC4266388/,"...The effect of the intervention on the primary outcome (i.e. time until the initial ascertainment of major mobility disability) was tested based on a two- tailed significance of 0.05 using the intention to treat approach in which participants are grouped according to randomization assignment....Failure time was measured from the time of randomization; follow-up was censored at the last successfully completed 400m walk test. For participants who did not have any outcome assessments, we assigned one hour of follow-up time, since we knew that they completed the 400m walk at baseline....These analyses used stabilized inverse probability weights that were a function of baseline covariates hypothesized to be predictive of loss-to-follow-up (i.e. gender, race-ethnicity, age (80+), history of diabetes, gait speed <0.8 m/sec, low SPPB score (<8), 3MS<90, clinical site, and living alone (yes/no)) and follow-up gait speed and SPPB scores to explore how the estimated hazard ratios and confidence intervals may have been altered under these missing data assumptions....",Mixed effects ,Yes
72,Protocol,PMC6597746,https://www.ncbi.nlm.nih.gov/pmc/articles/PMC6597746/,"...The data for subjects who withdraw from the study (such as unwilling to continue the next dose) will be removed from data analysis, but will be reported in the supplement files....",Not reported,Yes
72,Results,PMC8539308,https://www.ncbi.nlm.nih.gov/pmc/articles/PMC8539308/,,Not reported,No
73,Protocol,PMC5765655,https://www.ncbi.nlm.nih.gov/pmc/articles/PMC5765655/,"...Mixed models are the preferred approach to analyze data with repeated measures; these models can account to for correlation among repeated measurements, flexible time effects, and can handle missing data....",Mixed effects ,No
73,Results,PMC7282578,https://www.ncbi.nlm.nih.gov/pmc/articles/PMC7282578/,...Linear mixed models were robust when dealing with missing data and differential data structures Linear mixed modeling was computed for the 6-month (24-week) follow-up interval....,Mixed effects ,No
74,Protocol,PMC4037747,https://www.ncbi.nlm.nih.gov/pmc/articles/PMC4037747/,...All analyses will be undertaken by the intention-to-treat principle. Adverse events will use the ‚Äòas treated‚Äô principle....,Not reported,Yes
74,Results,PMC7242434,https://www.ncbi.nlm.nih.gov/pmc/articles/PMC7242434/,"...For co-detections (i.e., multiple enteropathogens detected), we first included all cases with the specific pathogen, then repeated the analysis using only single pathogen detection cases....Models were only constructed to evaluate pathogens identified in a minimum of 10 participants. Multiple imputation was used to account for individual missing elements of the 7-item MVS score....The imputation model, based on inspection, assumed that data were missing at random and included key baseline characteristics, trial group, and all efficacy outcomes14....",Multiple imputation ,No
75,Protocol,PMC5634880,https://www.ncbi.nlm.nih.gov/pmc/articles/PMC5634880/,"...These data will not be excluded from the study, instead, they will fall within ITT (intention-to-treat) through discussions among investigators, statisticians, data management, and others before un-blinding....We will use the intent-to-treat principle to analyze the efficacy and safety of QSG....",Not reported,Yes
75,Results,PMC9822771,https://www.ncbi.nlm.nih.gov/pmc/articles/PMC9822771/,...We used the per-protocol analysis to analyze the data and the Shapiro-Wilk test to identify data distribution....,Not reported,Yes
76,Protocol,PMC4363354,https://www.ncbi.nlm.nih.gov/pmc/articles/PMC4363354/,...Modified ITT analysis will be performed with a clear description of exactly who was included in each analysis....,Not reported,Yes
76,Results,PMC5873374,https://www.ncbi.nlm.nih.gov/pmc/articles/PMC5873374/,...All analyses were modified intention‚Äêto‚Äêtreat analysis....,Complete case ,Yes
77,Protocol,PMC4328054,https://www.ncbi.nlm.nih.gov/pmc/articles/PMC4328054/,...The study will use an intention-to-treat analysis and the main outcome variable will be measured at the beginning of the study for each participant....,Not reported,Yes
77,Results,PMC8538243,https://www.ncbi.nlm.nih.gov/pmc/articles/PMC8538243/,"...All analyses were performed by using the statistical package R (R Foundation for Statistical Computing, Vienna, Austria; version 4.0.5), according to the intention-to-treat analysis principle and considering a significance level with a p-value < 0.05....",Not reported,Yes
78,Protocol,PMC7931026,https://www.ncbi.nlm.nih.gov/pmc/articles/PMC7931026/,...Outcome data will be analyzed with the intention-to-treat approach....,Not reported,Yes
78,Results,PMC9225274,https://www.ncbi.nlm.nih.gov/pmc/articles/PMC9225274/,...The results were analyzed using the intention-to-treat approach....,Not reported,Yes
79,Protocol,PMC4074338,https://www.ncbi.nlm.nih.gov/pmc/articles/PMC4074338/,,Not reported,No
79,Results,PMC4919206,https://www.ncbi.nlm.nih.gov/pmc/articles/PMC4919206/,,Not reported,No
80,Protocol,PMC5838559,https://www.ncbi.nlm.nih.gov/pmc/articles/PMC5838559/,"...The primary analysis will utilize intent‚Äêto‚Äêtreat principles, with study subjects analyzed by assigned treatment group regardless of study drug adherence....A sensitivity analysis will be performed on the group of patients adhering to interventions for >80% of the duration of the study....",Mixed effects ,Yes
80,Results,PMC7654934,https://www.ncbi.nlm.nih.gov/pmc/articles/PMC7654934/,"...All analyses were performed using intention-to-treat, with study subjects analysed by treatment group assigned regardless of study drug adherence....",Not reported,Yes
81,Protocol,PMC3039582,https://www.ncbi.nlm.nih.gov/pmc/articles/PMC3039582/,...Analysis will be by intention-to-treat....,Not reported,Yes
81,Results,PMC3636795,https://www.ncbi.nlm.nih.gov/pmc/articles/PMC3636795/,...Analysis was by intention to treat....,Not reported,Yes
82,Protocol,PMC8053307,https://www.ncbi.nlm.nih.gov/pmc/articles/PMC8053307/,"...The intention to treat (ITT) analysis will include all subjects randomised ignoring noncompliance, protocol deviations, withdrawal and anything that may take place after randomisation.17 18 The primary analysis population for evaluating both efficacy and safety outcomes will be a modified ITT (MIIT) population and will include all subjects who have been randomised, but will exclude some randomised subjects such as patients who were judged ineligible after randomisation or patients who withdrew consent or who never started the treatment,17 18 study drug (favipiravir tablets or placebo) was started, and the patient did not withdraw consent....",Not reported,Yes
82,Results,PMC8747778,https://www.ncbi.nlm.nih.gov/pmc/articles/PMC8747778/,,Not reported,No
83,Protocol,PMC5422966,https://www.ncbi.nlm.nih.gov/pmc/articles/PMC5422966/,,Not reported,No
83,Results,PMC8820776,https://www.ncbi.nlm.nih.gov/pmc/articles/PMC8820776/,"...All main analyses were performed according to intention to treat by linear models with group assignment (intervention vs control) as a fixed factor and recruiting hospital, tumor site (colon or rectum), neoadjuvant therapy (none, radiotherapy, or chemo/radiotherapy), and type of surgery (open or laparoscopic) as adjusting covariates and are presented with 95% confidence intervals and P-values....We performed preplanned per protocol analyses and exploratory subgroup analyses for frail individuals (Supplemental Material 2)....",Mixed effects ,No
84,Protocol,PMC4617887,https://www.ncbi.nlm.nih.gov/pmc/articles/PMC4617887/,"...For withdrawn subjects the last post-baseline observation will be carried forward....The analyses will be performed on the basis of the intention-to-treat principle, and all patients who are allocated to either group will be included in the analysis, regardless of actual surgery performed....For subjects that withdrawn from the study before completion, the data from the last observation will be carried forward (imputed)....",Single imputation,No
84,Results,PMC6613852,https://www.ncbi.nlm.nih.gov/pmc/articles/PMC6613852/,"...The analyses of outcomes were based on the intention-to-treat principle, and all patients were analyzed in their randomized group regardless of any other surgical intervention. A per-protocol analysis, including only those patients who received their allocated treatments, was also performed....",Not reported,Yes
85,Protocol,PMC4738785,https://www.ncbi.nlm.nih.gov/pmc/articles/PMC4738785/,,Not reported,No
85,Results,PMC7083321,https://www.ncbi.nlm.nih.gov/pmc/articles/PMC7083321/,"...Second, we conducted attrition analysis using logistic regression adjusting for clustering within camps to examine whether treatment status predicted drop-out and to test for differential lost to follow-up across conditions. Third, to assess the effects of the intervention on primary and secondary outcomes, we used an intention-to-treat approach (i.e., all individual participants in camps that were randomized to intervention or control were included in analyses regardless of level of intervention exposure), with statistical models also accounting for clustering of participants within camps....",Not reported,Yes
86,Protocol,PMC4660775,https://www.ncbi.nlm.nih.gov/pmc/articles/PMC4660775/,,Not reported,No
86,Results,PMC8899208,https://www.ncbi.nlm.nih.gov/pmc/articles/PMC8899208/,...The analysis was planned per protocol....,Mixed effects ,Yes
87,Protocol,PMC4696142,https://www.ncbi.nlm.nih.gov/pmc/articles/PMC4696142/,,Not reported,No
87,Results,PMC5562172,https://www.ncbi.nlm.nih.gov/pmc/articles/PMC5562172/,,Not reported,No
88,Protocol,PMC5961554,https://www.ncbi.nlm.nih.gov/pmc/articles/PMC5961554/,"...The overall medication compliance during the trial should be at least 75%; if the medication compliance is less than 75%, the participant will be considered inadequate and excluded from the per-protocol (PP) analysis group....Efficacy evaluation will be primarily based on the intention-to-treat (ITT) analysis, and PP analysis will be used as a secondary analysis. ITT analysis will be conducted for all subjects randomised, and PP analysis will be conducted for those who completed the entire trial without violating the protocol....Analyses of secondary outcomes will be carried out as follows: QCSCS and LCQ-K-acute by ANCOVA including its baseline value respectively; frequency of coughing fits by linear mixed models (LMMs); Integrative Medicine Outcome Scale and Integrative Medicine Patient Satisfaction Scale by analysis of variance (ANOVA); and withdrawal rate of patients with exacerbation by Pearson‚Äôs œá2 or Fisher‚Äôs exact tests. To handle missing values when processing ITT analysis, the last-observation-carried- forward method will be used except for frequency of coughing fits analysed with LMMs in which missing values need not to be imputed....",Mixed effects  | Single imputation,No
88,Results,PMC8801800,https://www.ncbi.nlm.nih.gov/pmc/articles/PMC8801800/,"...The efficacy evaluation analysis in this study was mainly a full analysis set (FAS) analysis based on the intention-to-treat (ITT) analysis, and the per protocol (PP) analysis was the secondary analysis....To handle missing values when processing ITT analysis, the last-observation-carried-forward method was used except for the frequency of coughing fits analyzed with LMMs in which missing values will not be imputed. Safety assessment was performed using ITT analysis; all participants were randomized....",Mixed effects  | Single imputation,No
89,Protocol,PMC3407514,https://www.ncbi.nlm.nih.gov/pmc/articles/PMC3407514/,,Not reported,No
89,Results,PMC5293604,https://www.ncbi.nlm.nih.gov/pmc/articles/PMC5293604/,"...We included all 443 participants in the analysis (intent-to-treat)....Because this was an intent-to- treat model, we used the medical record reports of randomized women to ascertain completion of Pap testing....",Not reported,Yes
90,Protocol,PMC5898565,https://www.ncbi.nlm.nih.gov/pmc/articles/PMC5898565/,"...The study will use an intention to treat analysis and so every patient randomized will be included in the analysis for the primary endpoint. A separate analysis (per-protocol) will also be performed that will only include patients who actually received the study medication....#### 2.11.3. Missing data and dropouts. Patients who dropout from the study early will still be able to undergo their IVF treatment without adversely affecting their cycle. If they were randomized prior to withdrawal they will be included in the intention to treat analysis. Dropout from the study will be considered failure of treatment. As a result, for the primary endpoint of live birth, dropout will be equivalent to no livebirth. Therefore, there will be no missing data for the primary endpoint. Other outcome variables may have missing data due to missed visits or dropout from study treatment. These will be considered as missing data at random....",Single imputation | Not reported,No
90,Results,PMC6347742,https://www.ncbi.nlm.nih.gov/pmc/articles/PMC6347742/,"...All randomized subjects were included in the analysis of the primary efficacy endpoint (intention-to-treat analysis). For analyses of other outcome variables, only subjects who were randomized and received the study medication and underwent a fresh embryo transfer were included (per-protocol analysis)....",Not reported,Yes
91,Protocol,PMC4683762,https://www.ncbi.nlm.nih.gov/pmc/articles/PMC4683762/,...Data will be analysed following ‚Äòintention-to-treat‚Äô principles....,Mixed effects ,Yes
91,Results,PMC9131673,https://www.ncbi.nlm.nih.gov/pmc/articles/PMC9131673/,"...The data were analyzed following the principle of intention to treat (ITT). For this purpose, missing data were imputed based on the multivariate and multinomial normal distribution using the Markov chain Monte Carlo (MCMC) algorithm [35], with 10 replications being performed....",Multiple imputation ,No
92,Protocol,PMC6503132,https://www.ncbi.nlm.nih.gov/pmc/articles/PMC6503132/,"...All main analyses will be assessed by both ‚ÄòIntention to Treat‚Äô (ITT) and ‚ÄòAs Per Protocol‚Äô (APP) approaches. Specifically, if there is significant non- adherence, the ITT approach is less likely to find a statistically significant effect since non-adherent individuals are included with their assigned adherent participants....The subsequent APP approach only includes adherent participants in the active, as defined by blood elevations in omega-3 HUFAs, and adherent participants in placebo groups, as defined by increases in blood 16:1 n-7, and seeks to assess whether oral supplementation is an efficacious strategy to improve outcomes....",Not reported,Yes
92,Results,PMC8228047,https://www.ncbi.nlm.nih.gov/pmc/articles/PMC8228047/,"...All hypotheses were tested using ITT and APP approaches. In the ‚Äòintent to treat‚Äô analyses, all participants randomized to the experimental treatment group were compared to all participants randomized to the control group. In the ‚ÄòAs Per Protocol‚Äô analyses, we classified participants based on perceived compliance with supplementation, based on blood spot sample analyses....For participants with Baseline and Post- Challenge data only, a Pre-Challenge value was imputed using a Markov Chain Monte Carlo algorithm for multiple imputation with ten replications under Missing at Random (MAR) assumptions....",Multiple imputation ,No
93,Protocol,PMC4966873,https://www.ncbi.nlm.nih.gov/pmc/articles/PMC4966873/,,Not reported,No
93,Results,PMC9224093,https://www.ncbi.nlm.nih.gov/pmc/articles/PMC9224093/,"...The analyses were performed with patients who completed all treatment sessions, and performed at least the post-treatment assessment, so the final study sample consisted of 65 patients (34 were assigned in the CBT-CC group and 31 in the TAU group) (Figure 1)....",Complete case ,No
94,Protocol,PMC3146889,https://www.ncbi.nlm.nih.gov/pmc/articles/PMC3146889/,"...All analyses will be done on an intent-to-treat basis....All multivariable analyses will be performed using the MIXED procedure in SAS, as this procedure allows for missing data....",Mixed effects ,No
94,Results,PMC4010222,https://www.ncbi.nlm.nih.gov/pmc/articles/PMC4010222/,"...These subjects were analyzed in the intent-to-treat analysis....Based on self-reported adherence, a per-protocol analysis was carried out, excluding those subjects who reported stopping their capsules early (n = 16) and those whose capsule continuation was unable to be ascertained (n = 4)....",Not reported,Yes
95,Protocol,PMC3155829,https://www.ncbi.nlm.nih.gov/pmc/articles/PMC3155829/,,Not reported,No
95,Results,PMC5023160,https://www.ncbi.nlm.nih.gov/pmc/articles/PMC5023160/,"...The primary analysis was by intention-to-treat (ITT). Interim analyses were conducted once every 15 patients had reached D28 primary endpoint assessment, using all available data and were based on the ITT analysis population....Once a decision was reached for each arm to stop, a point and interval estimate for the overall proportion cured at Day 28 (p) was obtained following Whitehead [19] based on all patient data using the ITT analysis population....This analysis was based on the ITT analysis population. A pre-specified subgroup analysis was to compare cure by sites using a œá2 or Fisher‚Äôs exact test at D210, based on the ITT analysis population....Data from all 151 enrolled patients were available for the intention-to-treat analysis: 51 for the AmBisome + SSG arm, 49 for the AmBisome + miltefosine arm and 51 for the miltefosine monotherapy arm....Therefore, 147 patients were included in the per-protocol (PP) population, 50 for the AmBisome + SSG arm, 48 for the AmBisome + miltefosine arm and 49 for the miltefosine monotherapy arm....",Mixed effects ,Yes
96,Protocol,PMC4807574,https://www.ncbi.nlm.nih.gov/pmc/articles/PMC4807574/,,Not reported,No
96,Results,PMC6657860,https://www.ncbi.nlm.nih.gov/pmc/articles/PMC6657860/,,Not reported,No
97,Protocol,PMC4827169,https://www.ncbi.nlm.nih.gov/pmc/articles/PMC4827169/,,Not reported,No
97,Results,PMC6296522,https://www.ncbi.nlm.nih.gov/pmc/articles/PMC6296522/,"...To examine the impact of attrition, two sensitivity analyses were performed where missing data were imputed at follow-up for the main outcome using cluster mean imputation and group mean imputation, respectively, as described by Taljaard et al. [24]. For the group mean imputation, the values were predicted from a regression model using only control group data to give a conservative estimate of the effect size....",Unclear  | Single imputation,No
98,Protocol,PMC3543344,https://www.ncbi.nlm.nih.gov/pmc/articles/PMC3543344/,"...#### Missing data strategies for primary and secondary outcomes. Only youth with 6-month post-intervention susceptibility responses will be included in the logistic regression analysis of the primary outcome as there is no reliable method to impute data for this outcome. Multiple imputations will be used for secondary outcomes for subjects with ≤45% of items missing on a given scale. Comparisons of baseline characteristics between study completers and those lost to follow-up will be performed using chi-square tests and two-sample t-tests. In addition, sensitivity analyses of the primary outcome will be performed to assess the robustness of intervention effect estimates under a variety of possible attrition bias scenarios [57]. Finally, according to CBPR we will involve the community partners in the result interpretation process. Together we will formulate a dissemination plan to return results to other interested community agencies, study participants, and the larger community.",Multiple imputation  | Complete case ,No
98,Results,PMC5412730,https://www.ncbi.nlm.nih.gov/pmc/articles/PMC5412730/,...Analyses used an intention to treat design....Multiple imputation methods in SAS (proc MI and proc MIANALYZE36) were used to generate a random sample of the missing values that represents the uncertainty due to missing data.37...,Multiple imputation ,No
99,Protocol,PMC3165063,https://www.ncbi.nlm.nih.gov/pmc/articles/PMC3165063/,...An intention to treat analysis will be conducted....The subsequent scores for subjects who have had an additional surgery will be imputed using the last-value-carry-forward approach; thus women who have poor scores and change treatments as a result will not be removed from the analysis at subsequent time points....,Single imputation,No
99,Results,PMC6355152,https://www.ncbi.nlm.nih.gov/pmc/articles/PMC6355152/,...Sensitivity analyses for patient-reported measures were performed after using multiple imputation with Markov chain Monte Carlo and last-observation- carried-forward methods to account for missing data in the longitudinal measures....,Multiple imputation  | Single imputation,No
100,Protocol,PMC3661346,https://www.ncbi.nlm.nih.gov/pmc/articles/PMC3661346/,"...Pattern of missing data will be evaluated and missing at random mechanism will be assumed [77]....Primary analysis is of intention to treat type [78,79], which gives a conservative estimate of treatment effect compared with what would be expected if there was full compliance [80]....",Mixed effects ,Yes
100,Results,PMC6982403,https://www.ncbi.nlm.nih.gov/pmc/articles/PMC6982403/,"...Missing data were imputed assuming a missing at random mechanism28. The imputation model included baseline demographics and baseline and post-intervention outcomes. Linear mixed models were used to analyze the intervention effects on BMI-z, % body fat, and aerobic performance according to intention-to-treat, with school pairs treated as a random effect and students nested within school and treatment condition....",Multiple imputation ,No