PairID,Protocol/Results,PMCID,Link,Text,Data availability,Used full article
1,Protocol,PMC3117715,https://www.ncbi.nlm.nih.gov/pmc/articles/PMC3117715/,"...#### Trial documents The documents to be completed, and by whom, are recorded in table 1....",Unclear,No
1,Results,PMC3698942,https://www.ncbi.nlm.nih.gov/pmc/articles/PMC3698942/,...Data sharing: No additional data available....,Not publicly available,No
2,Protocol,PMC3120681,https://www.ncbi.nlm.nih.gov/pmc/articles/PMC3120681/,,Not reported,No
2,Results,PMC6040068,https://www.ncbi.nlm.nih.gov/pmc/articles/PMC6040068/,"...### Availability of data and materials Sharing of identifiable, individual-level data is prohibited by Japanese law....",Publicly available,Yes
3,Protocol,PMC3355035,https://www.ncbi.nlm.nih.gov/pmc/articles/PMC3355035/,,Not reported,No
3,Results,PMC4260077,https://www.ncbi.nlm.nih.gov/pmc/articles/PMC4260077/,,Not reported,No
4,Protocol,PMC3418177,https://www.ncbi.nlm.nih.gov/pmc/articles/PMC3418177/,,Not reported,No
4,Results,PMC3770709,https://www.ncbi.nlm.nih.gov/pmc/articles/PMC3770709/,,Not reported,No
5,Protocol,PMC6069849,https://www.ncbi.nlm.nih.gov/pmc/articles/PMC6069849/,"...LM and CSM will be the investigators with access to the personal data and will be responsible for its anonymization as well as for ensuring data quality (double data entering, data values range checks, outliers detection). The final trial dataset will be accessible by LM, CSM, KK and HF....",Not publicly available,No
5,Results,PMC6977217,https://www.ncbi.nlm.nih.gov/pmc/articles/PMC6977217/,,Not reported,No
6,Protocol,PMC3751729,https://www.ncbi.nlm.nih.gov/pmc/articles/PMC3751729/,,Not reported,No
6,Results,PMC4210495,https://www.ncbi.nlm.nih.gov/pmc/articles/PMC4210495/,,Not reported,No
7,Protocol,PMC6311046,https://www.ncbi.nlm.nih.gov/pmc/articles/PMC6311046/,...Ownership of the data arising from this study resides with the study team....### Availability of data and materials The datasets generated and/or analysed during the current study are available from the corresponding author on reasonable request....,Not publicly available,No
7,Results,PMC6537555,https://www.ncbi.nlm.nih.gov/pmc/articles/PMC6537555/,...## Availability of Data and Material The datasets generated and/or analysed during the current study are available from the corresponding author on reasonable request....,Not publicly available,No
8,Protocol,PMC4219009,https://www.ncbi.nlm.nih.gov/pmc/articles/PMC4219009/,,Not reported,No
8,Results,PMC5732507,https://www.ncbi.nlm.nih.gov/pmc/articles/PMC5732507/,...### Availability of data and materials The data for the current study will not be shared publicly as participants were informed at the time of providing consent that only researchers involved in the project would have access to the information they provided....,Not publicly available,No
9,Protocol,PMC3297520,https://www.ncbi.nlm.nih.gov/pmc/articles/PMC3297520/,,Not reported,No
9,Results,PMC3524425,https://www.ncbi.nlm.nih.gov/pmc/articles/PMC3524425/,,Not reported,No
10,Protocol,PMC3898142,https://www.ncbi.nlm.nih.gov/pmc/articles/PMC3898142/,,Not reported,No
10,Results,PMC3781531,https://www.ncbi.nlm.nih.gov/pmc/articles/PMC3781531/,,Not reported,No
11,Protocol,PMC6112404,https://www.ncbi.nlm.nih.gov/pmc/articles/PMC6112404/,"...During the study, only the independent data and safety monitoring board will have access to the complete database including the randomisation list....Data sharing statement: Positive as well as negative findings will be reported via conference presentations and peer-reviewed publications. All the data will be available upon request.",Not publicly available,No
11,Results,PMC9047644,https://www.ncbi.nlm.nih.gov/pmc/articles/PMC9047644/,...The data that support the findings of this study are available from the corresponding author on reasonable request....,Not publicly available,No
12,Protocol,PMC5153683,https://www.ncbi.nlm.nih.gov/pmc/articles/PMC5153683/,...### Availability of data and materials The datasets and materials used and/or analyzed during the current study will be available from the first author (DHG Sr.) on reasonable request....,Not publicly available,No
12,Results,PMC7939944,https://www.ncbi.nlm.nih.gov/pmc/articles/PMC7939944/,,Not reported,No
13,Protocol,PMC4025413,https://www.ncbi.nlm.nih.gov/pmc/articles/PMC4025413/,,Not reported,No
13,Results,PMC8710519,https://www.ncbi.nlm.nih.gov/pmc/articles/PMC8710519/,"...## Data Availability Statement The original contributions presented in the study are included in the article/Supplementary Material, further inquiries can be directed to the corresponding author/s....",Not publicly available,No
14,Protocol,PMC4446829,https://www.ncbi.nlm.nih.gov/pmc/articles/PMC4446829/,,Not reported,No
14,Results,PMC5741924,https://www.ncbi.nlm.nih.gov/pmc/articles/PMC5741924/,...### Availability of data and materials The dataset supporting of this article are available upon request to the corresponding author....,Not publicly available,No
15,Protocol,PMC3973868,https://www.ncbi.nlm.nih.gov/pmc/articles/PMC3973868/,,Not reported,No
15,Results,PMC8296136,https://www.ncbi.nlm.nih.gov/pmc/articles/PMC8296136/,...## Data Availability Statement The data presented in this study are available on request from the corresponding author. The data are not publicly available due to specific requirements from the clinical research ethics committee that reviewed and approved this investigation....,Not publicly available,No
16,Protocol,PMC5379660,https://www.ncbi.nlm.nih.gov/pmc/articles/PMC5379660/,"...Data from this study will be anonymised and stored in password protected computer systems accessible only by the members of the research team, in order to guarantee confidentiality to participants....Furthermore, only research team members will have access to participants‚Äô personal data during the project, while data will be analysed locally....### Availability of data and materials Not applicable....",Not publicly available,No
16,Results,PMC9380327,https://www.ncbi.nlm.nih.gov/pmc/articles/PMC9380327/,...## Availability of data and materials The datasets generated and/or analyzed during the current study are not publicly available due to ethical approval restrictions but are available from the corresponding author on reasonable request....,Not publicly available,No
17,Protocol,PMC3481366,https://www.ncbi.nlm.nih.gov/pmc/articles/PMC3481366/,"...Investigators/institutions are required to provide direct access to source data/documents for trial-related monitoring, audits, ethics committee review and regulatory inspection....An independent statistician will be appointed to provide the analysis service required by the DMC....Anonymous data for this trial will be made available for free use at http://freebird.lshtm.ac.uk.b...",Publicly available,No
17,Results,PMC6853170,https://www.ncbi.nlm.nih.gov/pmc/articles/PMC6853170/,"...For freeBIRD see http://freebird.Lshtm.ac.uk...## Data sharing Following publication of the primary and secondary analyses detailed in this statistical analysis plan, individual de-identified patient data, including a data dictionary, will be made available via our data sharing portal, The Free Bank of Injury and Emergency Research Data (freeBIRD) website indefinitely, which will allow for maximum utilisation of the data to improve patient care and advance medical knowledge....",Publicly available,No
18,Protocol,PMC4570710,https://www.ncbi.nlm.nih.gov/pmc/articles/PMC4570710/,,Not reported,No
18,Results,PMC5466913,https://www.ncbi.nlm.nih.gov/pmc/articles/PMC5466913/,,Not reported,No
19,Protocol,PMC5859815,https://www.ncbi.nlm.nih.gov/pmc/articles/PMC5859815/,...Data sharing statement: The full protocol is available from the corresponding author upon reasonable request....,Not publicly available,No
19,Results,PMC7877039,https://www.ncbi.nlm.nih.gov/pmc/articles/PMC7877039/,"...## Data availability and materials The datasets generated and/or analysed during the current study are available in the Dip√≤sit Digital de la Universitat de Barcelona repository, http://diposit.ub.edu/dspace/handle/2445/101776....",Publicly available,No
20,Protocol,PMC4710982,https://www.ncbi.nlm.nih.gov/pmc/articles/PMC4710982/,...Access to data is restrictive as to maximize security and confidentiality....Data will available on public domain 2 years after the publication of the main manuscripts. Processes will be developed to facilitate data sharing for scientific utilization in a collaborative manner....,Not publicly available,No
20,Results,PMC7244232,https://www.ncbi.nlm.nih.gov/pmc/articles/PMC7244232/,,Not reported,No
21,Protocol,PMC3406972,https://www.ncbi.nlm.nih.gov/pmc/articles/PMC3406972/,,Not reported,No
21,Results,PMC3794862,https://www.ncbi.nlm.nih.gov/pmc/articles/PMC3794862/,,Not reported,No
22,Protocol,PMC7745514,https://www.ncbi.nlm.nih.gov/pmc/articles/PMC7745514/,...Data collection is fully anonymised and only accessed by authorised study staff....,Not publicly available,No
22,Results,PMC8852666,https://www.ncbi.nlm.nih.gov/pmc/articles/PMC8852666/,"...## Data availability statement Data are available in a public, open access repository. Dataset is available from the Dryad repository, DOI:[10.5061/dryad.gf1vhhmm5].https://doi.org/10.5061/dryad.gf1vhhmm5...",Publicly available,No
23,Protocol,PMC3345610,https://www.ncbi.nlm.nih.gov/pmc/articles/PMC3345610/,,Not reported,No
23,Results,PMC4055800,https://www.ncbi.nlm.nih.gov/pmc/articles/PMC4055800/,,Not reported,No
24,Protocol,PMC5935890,https://www.ncbi.nlm.nih.gov/pmc/articles/PMC5935890/,,Not reported,No
24,Results,PMC6546207,https://www.ncbi.nlm.nih.gov/pmc/articles/PMC6546207/,...## Data Availability All relevant data along with codebooks are available from the Open Science Framework repository at https://osf.io/n6u47/?view_only=2a095050edfa43a7812510a11cd8dbc5.,Publicly available,No
25,Protocol,PMC3651718,https://www.ncbi.nlm.nih.gov/pmc/articles/PMC3651718/,,Not reported,No
25,Results,PMC6323792,https://www.ncbi.nlm.nih.gov/pmc/articles/PMC6323792/,...### Availability of data and materials The datasets used and analyzed during the current study are available from the corresponding author on reasonable request....,Not publicly available,No
26,Protocol,PMC5857085,https://www.ncbi.nlm.nih.gov/pmc/articles/PMC5857085/,"...#### Biochemical samples Blood samples (4mls) will be drawn at baseline and endline by trained nurses who are skilled and experienced in taking paediatric blood samples. One to two drops will be used immediately to measure haemoglobin (using a HemoCue HB301 photometer). Of the remaining blood, 2mls will be placed in a trace element sodium heparin vacuette for further micronutrient analysis. The remaining blood will be placed in Ethylenediamine tetraacetic acid (EDTA) tubes for fatty acid analysis, then 40 Œºl will be pipetted onto pre-treated chromatography paper to be analysed as a dried blood spot. Blood samples will be stored, transported and analysed appropriately to avoid contamination and deterioration. Analysis will be conducted for micronutrient status including haemoglobin (g/l), ferritin (Œºg/l), transferrin receptor (mg/l), retinol- binding protein (vitamin A status) (Œºmol/l), zinc (Œºmol/l), C reactive protein (mg/l), using internationally accepted indicators [46]. Stool samples will be taken and tested for parasites. Stool containers will be distributed to caregivers and collected the following day. Analysis will be conducted using FLOTAX method....### Availability of data and material The datasets generated and/or analysed during the current study will be made available from the corresponding author after the publication of major outputs, upon reasonable request....",Not publicly available,No
26,Results,PMC7038903,https://www.ncbi.nlm.nih.gov/pmc/articles/PMC7038903/,"...## DATA SHARING The datasets generated and/or analysed during the current study will be made available from the corresponding author after the publication of all major outputs, upon reasonable request....",Not publicly available,No
27,Protocol,PMC6893558,https://www.ncbi.nlm.nih.gov/pmc/articles/PMC6893558/,,Not reported,No
27,Results,PMC8144928,https://www.ncbi.nlm.nih.gov/pmc/articles/PMC8144928/,...Data Sharing Statement,Not reported,Yes
28,Protocol,PMC5832903,https://www.ncbi.nlm.nih.gov/pmc/articles/PMC5832903/,,Not reported,No
28,Results,PMC7076411,https://www.ncbi.nlm.nih.gov/pmc/articles/PMC7076411/,,Not reported,No
29,Protocol,PMC3061925,https://www.ncbi.nlm.nih.gov/pmc/articles/PMC3061925/,,Not reported,No
29,Results,PMC3894173,https://www.ncbi.nlm.nih.gov/pmc/articles/PMC3894173/,,Not reported,No
30,Protocol,PMC3148988,https://www.ncbi.nlm.nih.gov/pmc/articles/PMC3148988/,...We will also collect whole blood and serum to be frozen at -80C and stored in a biobank for later analyses of hormones associated with female reproduction and blood markers associated with adiposity and insulin resistance. We will also collect Tempus blood RNA tubes and urinarysamples to be frozen for later analyses....,Not reported,No
30,Results,PMC4961392,https://www.ncbi.nlm.nih.gov/pmc/articles/PMC4961392/,...#### S1 Data Participant characteristics and outcomes in late pregnancy. (SAV) #### S2 Data Physical activity in early pregnancy. Part of a questionnaire. (SAV) #### S3 Data Physical activity in late pregnancy. Part of a questionnaire. (SAV)...Information given to the participants in the exercise group....Exercise recording form for training sessions at St. Olavs Hospital....Exercise recording from for training and physical activity at home....Home-based exercise program....Questionnaire regarding general physical activity at baseline....Questionnaire regarding general physical activity at late pregnancy....## Data Availability All relevant data are within the paper and its supporting information files.,Publicly available,No
31,Protocol,PMC5994046,https://www.ncbi.nlm.nih.gov/pmc/articles/PMC5994046/,"...### Availability of data and materials The data related to the implementation outcomes that support the findings of this study are available from the Washington Department of Social and Health Services but restrictions apply to the availability of these data, which were used under license for the current study, and so are not publicly available. The datasets generated during and/or analyzed during the current study related to the DDCAT, CFIR or NIATx SIC are available from the corresponding author on reasonable request....",Not publicly available,No
31,Results,PMC6814122,https://www.ncbi.nlm.nih.gov/pmc/articles/PMC6814122/,"...## Availability of data and materials Datasets generated and/or analyzed during the current study are not publically available, but are available from the corresponding author on reasonable request. The DDCAT Index measure (V4.1) is available from the authors upon request....",Not publicly available,No
32,Protocol,PMC3045905,https://www.ncbi.nlm.nih.gov/pmc/articles/PMC3045905/,,Not reported,No
32,Results,PMC3781106,https://www.ncbi.nlm.nih.gov/pmc/articles/PMC3781106/,,Not reported,No
33,Protocol,PMC3192674,https://www.ncbi.nlm.nih.gov/pmc/articles/PMC3192674/,,Not reported,No
33,Results,PMC3625218,https://www.ncbi.nlm.nih.gov/pmc/articles/PMC3625218/,,Not reported,No
34,Protocol,PMC4676178,https://www.ncbi.nlm.nih.gov/pmc/articles/PMC4676178/,,Not reported,No
34,Results,PMC6593322,https://www.ncbi.nlm.nih.gov/pmc/articles/PMC6593322/,...The workshops and self- management brochures are available at https://www.deprescribingnetwork.ca/cactus-trial....,Not reported,No
35,Protocol,PMC3045306,https://www.ncbi.nlm.nih.gov/pmc/articles/PMC3045306/,"...In any event, DNA specimens for storage in the NIDDK Biorepository will be obtained from all patients who enroll in the trial and consent to the procedure....",Not reported,No
35,Results,PMC4511259,https://www.ncbi.nlm.nih.gov/pmc/articles/PMC4511259/,,Not reported,No
36,Protocol,PMC3816245,https://www.ncbi.nlm.nih.gov/pmc/articles/PMC3816245/,...Only members of the site (CRUfAD) research team will have access to participant information and data....,Not publicly available,No
36,Results,PMC4407900,https://www.ncbi.nlm.nih.gov/pmc/articles/PMC4407900/,,Not reported,No
37,Protocol,PMC4235173,https://www.ncbi.nlm.nih.gov/pmc/articles/PMC4235173/,"...The chief investigator is the data custodian....Data collected on paper will be entered onto a database accessible only by the research team and stored alongside electronic data....Only the primary investigator, chief investigator, and the unit statistician will have access to the final data set....",Not publicly available,No
37,Results,PMC9007089,https://www.ncbi.nlm.nih.gov/pmc/articles/PMC9007089/,...The data that support the findings of this study are openly available in ClinicalTrials.gov at https://clinicaltrials.gov/ct2/show/study/ NCT01892007....,Publicly available,No
38,Protocol,PMC3727984,https://www.ncbi.nlm.nih.gov/pmc/articles/PMC3727984/,,Not reported,No
38,Results,PMC6529670,https://www.ncbi.nlm.nih.gov/pmc/articles/PMC6529670/,,Not reported,No
39,Protocol,PMC5826976,https://www.ncbi.nlm.nih.gov/pmc/articles/PMC5826976/,...Dashboard for tracking user machine interaction....,Unclear,No
39,Results,PMC8660785,https://www.ncbi.nlm.nih.gov/pmc/articles/PMC8660785/,...## Data availability The deidentified data are available from the corresponding author upon reasonable request....,Not publicly available,No
40,Protocol,PMC6452278,https://www.ncbi.nlm.nih.gov/pmc/articles/PMC6452278/,,Not reported,No
40,Results,PMC8678693,https://www.ncbi.nlm.nih.gov/pmc/articles/PMC8678693/,...Data Sharing Statement,Not publicly available,Yes
41,Protocol,PMC6421712,https://www.ncbi.nlm.nih.gov/pmc/articles/PMC6421712/,...Access will be limited to study investigators and study personnel entering data; both working independently from the project funder....### Availability of data and materials The datasets used and/or analyzed as well as data collection forms and model consent forms of the current study are available from the corresponding author on reasonable request....,Not publicly available,No
41,Results,PMC8277064,https://www.ncbi.nlm.nih.gov/pmc/articles/PMC8277064/,...## Data Availability All relevant data are within the manuscript and its Supporting information files.,Publicly available,No
42,Protocol,PMC3652773,https://www.ncbi.nlm.nih.gov/pmc/articles/PMC3652773/,,Not reported,No
42,Results,PMC7962797,https://www.ncbi.nlm.nih.gov/pmc/articles/PMC7962797/,,Not reported,No
43,Protocol,PMC7574300,https://www.ncbi.nlm.nih.gov/pmc/articles/PMC7574300/,"...### Additional consent provisions for collection and use of participant data and biological specimens {26b} The use of patient data or biological specimens for ancillary studies will be dependent on approval from the local ethical committee unless this is waived based on prior approvals or the design of the studies....### Plans for collection, laboratory evaluation and storage of biological specimens for genetic or molecular analysis in this trial/future use {33} A biobank will be kept according to the granted approvals, and planned analyses as listed in the ‚ÄúOutcomes {12}‚Äù section will be carried out at an experienced laboratory. Future studies will be able to access this pertinent on approval from relevant authorities. At this time, no genetic studies are planned....### Plans to give access to the full protocol, participant-level data, and statistical code {31c} The full protocol will be available upon reasonable request. Participant-level data will be made available upon reasonable request after full publication and approvals from relevant authorities....### Availability of data and materials {29} On request and based on approval from relevant authorities, any data required to support the protocol can be supplied....",Not publicly available,No
43,Results,PMC8104015,https://www.ncbi.nlm.nih.gov/pmc/articles/PMC8104015/,...The full protocol and statistical code will be available on reasonable request. Participant-level data will similarly be made available on reasonable request after full publication and approvals from relevant authorities....,Not publicly available,No
44,Protocol,PMC3189404,https://www.ncbi.nlm.nih.gov/pmc/articles/PMC3189404/,,Not reported,No
44,Results,PMC3816864,https://www.ncbi.nlm.nih.gov/pmc/articles/PMC3816864/,,Not reported,No
45,Protocol,PMC4464611,https://www.ncbi.nlm.nih.gov/pmc/articles/PMC4464611/,,Not reported,No
45,Results,PMC6503937,https://www.ncbi.nlm.nih.gov/pmc/articles/PMC6503937/,,Not reported,No
46,Protocol,PMC3476981,https://www.ncbi.nlm.nih.gov/pmc/articles/PMC3476981/,,Not reported,No
46,Results,PMC4679993,https://www.ncbi.nlm.nih.gov/pmc/articles/PMC4679993/,"...Data sharing statement: Data for the current article, including the primary and secondary outcome measures, are available on request from the corresponding author. Data on additional research, regarding the mediation analysis on the working mechanism of pain exposure physical therapy, are available through https://osf.io/q5js8/. These data include patient characteristics and psychological outcome measures.",Not publicly available,No
47,Protocol,PMC4127193,https://www.ncbi.nlm.nih.gov/pmc/articles/PMC4127193/,,Not reported,No
47,Results,PMC5506677,https://www.ncbi.nlm.nih.gov/pmc/articles/PMC5506677/,"...### Availability of data and materials The datasets generated and analyzed during the current study are not publicly available due to confidentiality concerns, but are available from the corresponding author on reasonable request....",Not publicly available,No
48,Protocol,PMC5968465,https://www.ncbi.nlm.nih.gov/pmc/articles/PMC5968465/,...The PI and the supervisors will have access to the datasets....### Availability of data and materials The PI and supervisors will have access to the completed datasets and will collectively decide upon who will have access to the data and how the data will be used....These will be prepared by the PI under supervision....,Not publicly available,No
48,Results,PMC9066809,https://www.ncbi.nlm.nih.gov/pmc/articles/PMC9066809/,...## Availability of data and materials All data generated or analysed during this study are included in this published article [and its Additional files]....,Not publicly available,No
49,Protocol,PMC6935101,https://www.ncbi.nlm.nih.gov/pmc/articles/PMC6935101/,...Principal Investigator will be given access to the cleaned data sets....## Availability of data and materials Materials are available upon reasonable request from the author....,Not publicly available,No
49,Results,PMC9171654,https://www.ncbi.nlm.nih.gov/pmc/articles/PMC9171654/,...Data sharing statement,Not publicly available,Yes
50,Protocol,PMC3699393,https://www.ncbi.nlm.nih.gov/pmc/articles/PMC3699393/,,Not reported,No
50,Results,PMC4115267,https://www.ncbi.nlm.nih.gov/pmc/articles/PMC4115267/,,Not reported,No
51,Protocol,PMC5584035,https://www.ncbi.nlm.nih.gov/pmc/articles/PMC5584035/,,Not reported,No
51,Results,PMC9012360,https://www.ncbi.nlm.nih.gov/pmc/articles/PMC9012360/,...## Data Availability Data cannot be shared publicly because of requirement for ethical approval and data transfer agreement. The deidentified dataset supporting this research may be made available following a submitted request to ude.dravrah.hpsh@phg and completion of ethical approval and data transfer agreement from the Tanzania National Institute of Medical Research (http://reims.nimr.or.tz:8010/guides/DTA.pdf).,Not publicly available,No
52,Protocol,PMC5719477,https://www.ncbi.nlm.nih.gov/pmc/articles/PMC5719477/,,Not reported,No
52,Results,PMC7164585,https://www.ncbi.nlm.nih.gov/pmc/articles/PMC7164585/,...Study questionnaire....## Data Availability Data are available through the SAMRC data repository: http://medat.samrc.ac.za/index.php/catalog/WW,Publicly available,No
53,Protocol,PMC3720554,https://www.ncbi.nlm.nih.gov/pmc/articles/PMC3720554/,,Not reported,No
53,Results,PMC4371624,https://www.ncbi.nlm.nih.gov/pmc/articles/PMC4371624/,,Not reported,No
54,Protocol,PMC4248299,https://www.ncbi.nlm.nih.gov/pmc/articles/PMC4248299/,,Not reported,No
54,Results,PMC6365841,https://www.ncbi.nlm.nih.gov/pmc/articles/PMC6365841/,...Data sharing: Anonymised patient level data can be made available on reasonable request after approval from the trial management committee and after signing a data access agreement....,Not publicly available,No
55,Protocol,PMC5134092,https://www.ncbi.nlm.nih.gov/pmc/articles/PMC5134092/,"...All the material can be accessed in Additional file 3....### Availability of data and materials The project is registered as part of the research projects, covered by the common university notification of the Danish Data Protection Agency on processing personal data, carried out by the university, with Danish Data Protection Agency journal no. 2015-57-0002 and Aarhus University journal no. 62908, serial number 186....Invitation, leaflet, and website text to the invitation and comparison group....",Not publicly available,No
55,Results,PMC6714428,https://www.ncbi.nlm.nih.gov/pmc/articles/PMC6714428/,"...All the material can be accessed in the Additional file 1....Further details on routine procedures, intervention and information material are available in the Additional file 1 and in the trial protocol [11]....## Availability of data and materials The data that support the findings of this study are available from Statistics Denmark and the Danish Health Data Authority, but restrictions apply to the availability of these data, which were used under license for the current study and are not publicly available. However, data are available from the corresponding author upon reasonable request and with the permissions of Statistics Denmark and the Danish Health Data Authority....",Not publicly available,No
56,Protocol,PMC5654192,https://www.ncbi.nlm.nih.gov/pmc/articles/PMC5654192/,"...Access to any data by study arm and primary study outcomes will not be released until the data and related analyses have been reviewed and approved by the DMC. #### Access to data Only DMC members will have access to the original study database which will be kept on a password-protected server in Uganda. Data from this database will be accessible to other investigators upon request through the DMC. After trial completion and publication of primary findings, any data sharing will adhere to established data-sharing policies of RHSP....### Availability of data and materials Data from this study are available upon request and approval by Ugandan and Johns Hopkins investigators....",Not publicly available,No
56,Results,PMC7787382,https://www.ncbi.nlm.nih.gov/pmc/articles/PMC7787382/,"...## Data Availability Data cannot be shared publicly due to the presence of participant identifiable data and because of the data sharing policies of the Rakai Health Sciences Program (RHSP, www.rhsp.org). However, a deidentified version will be provided to interested parties subject to completion of the RHSP data request form and signing of a Data Transfer Agreement. Interested parties may contact Dorean Nabukalu at gro.pshr@stseuqeratad.",Not publicly available,No
57,Protocol,PMC6887087,https://www.ncbi.nlm.nih.gov/pmc/articles/PMC6887087/,"...The data will be made available to the public via EudraCT and www.clinicaltrials.gov....The results of the project will be submitted to international peer-reviewed journals regardless of their outcome, and the data will be made available to the public via EudraCT and www.clinicaltrials.gov....",Not publicly available,No
57,Results,PMC8475664,https://www.ncbi.nlm.nih.gov/pmc/articles/PMC8475664/,...The data that support the findings of this study are available from the corresponding author upon reasonable request....,Not publicly available,No
58,Protocol,PMC6327461,https://www.ncbi.nlm.nih.gov/pmc/articles/PMC6327461/,"...In addition, a full study report with an anonymized participant- level dataset and statistical code for generating the results will be made publicly available no later than 3 years after termination of the study for sharing purposes....",Not publicly available,No
58,Results,PMC7511540,https://www.ncbi.nlm.nih.gov/pmc/articles/PMC7511540/,"...## Data Availability Statement The raw data supporting the conclusions of this article will be made available by the authors, without undue reservation....",Not publicly available,No
59,Protocol,PMC6647387,https://www.ncbi.nlm.nih.gov/pmc/articles/PMC6647387/,...The study team undertakes the administrative and regulatory function for this trial and has access to the final trial dataset....## Availability of data and material The dataset that is generated during the study is not publicly available because the study is currently recruiting....,Not publicly available,No
59,Results,PMC7540547,https://www.ncbi.nlm.nih.gov/pmc/articles/PMC7540547/,,Not reported,No
60,Protocol,PMC3567958,https://www.ncbi.nlm.nih.gov/pmc/articles/PMC3567958/,"...In particular, centers will have access only to data relative to their own center, whereas the center responsible for informatics infrastructure of the CRO and the member of the DCC responsible for quality will have online access to the entire database to perform periodic quality checks....Following that time period, the data will be under the control of the treating neurologist....",Unclear,No
60,Results,PMC5833494,https://www.ncbi.nlm.nih.gov/pmc/articles/PMC5833494/,,Not reported,No
61,Protocol,PMC6869182,https://www.ncbi.nlm.nih.gov/pmc/articles/PMC6869182/,"...No biological specimens are being collected that might be used for ancillary studies....### Access to data The PI, SFI, and data manager will have access to the final trial dataset, as outlined in the institutional review board approval. If other members of the team wish to access the data we will have to pursue an ethical review addendum, but we have no plans to broaden access to the dataset at this time. We have no contractual agreements specific to this dataset, but the relationship between the University of Colorado and FSIG is mediated by a memorandum of understanding....We intend to publish the protocol but have no plans to provide the participant-level dataset at this time. As this study is funded by the National Institutes of Health, the dataset may be required to become publicly available at some point in the future....",Not publicly available,No
61,Results,PMC7439552,https://www.ncbi.nlm.nih.gov/pmc/articles/PMC7439552/,...Data available on request due to privacy/ethical restrictions....,Not publicly available,No
62,Protocol,PMC4031497,https://www.ncbi.nlm.nih.gov/pmc/articles/PMC4031497/,,Not reported,No
62,Results,PMC5152707,https://www.ncbi.nlm.nih.gov/pmc/articles/PMC5152707/,...Data sharing: A link to the probability web tool and the ‚Äúchest pain choice‚Äù decision aid can be accessed at the Mayo Clinic Shared Decision Making National Resource Center at http://shareddecisions.mayoclinic.org/decision- aid-information/chest-pain-choice-decision-aid/. Deidentified patient level data and statistical code can be requested from the corresponding author at hess.erik@mayo.edu and provided to investigators who agree to adhere to a signed research data use agreement with the Mayo Clinic....,Not publicly available,No
63,Protocol,PMC3179718,https://www.ncbi.nlm.nih.gov/pmc/articles/PMC3179718/,,Not reported,No
63,Results,PMC6371462,https://www.ncbi.nlm.nih.gov/pmc/articles/PMC6371462/,"...### Availability of data and materials The data are not publicly available because permission to release the data was not gained from the participants. This restriction has been imposed by the Danish Data Protection Agency. However, the data can be requested by contacting videnscenterfordataanmeldelser.rigshospitalet@regionh.dk....",Not publicly available,No
64,Protocol,PMC4672547,https://www.ncbi.nlm.nih.gov/pmc/articles/PMC4672547/,,Not reported,No
64,Results,PMC7457274,https://www.ncbi.nlm.nih.gov/pmc/articles/PMC7457274/,...Data can be accessed upon request....,Not publicly available,No
65,Protocol,PMC3263442,https://www.ncbi.nlm.nih.gov/pmc/articles/PMC3263442/,,Not reported,No
65,Results,PMC4947351,https://www.ncbi.nlm.nih.gov/pmc/articles/PMC4947351/,"...### Availability of data and materials The current Ethical Review Board approval was obtained for public sharing and presentation of data on group level only, meaning the data used in this study cannot be shared by the authors....",Not publicly available,No
66,Protocol,PMC3503643,https://www.ncbi.nlm.nih.gov/pmc/articles/PMC3503643/,,Not reported,No
66,Results,PMC4243194,https://www.ncbi.nlm.nih.gov/pmc/articles/PMC4243194/,,Not reported,No
67,Protocol,PMC5337660,https://www.ncbi.nlm.nih.gov/pmc/articles/PMC5337660/,,Not reported,No
67,Results,PMC7592285,https://www.ncbi.nlm.nih.gov/pmc/articles/PMC7592285/,...Data availability statement: Data are available upon reasonable request....,Not publicly available,No
68,Protocol,PMC6180640,https://www.ncbi.nlm.nih.gov/pmc/articles/PMC6180640/,"...Further details about individual and aggregate data collection, quality review, and access are described in our previous publication [10]. Data generated by the study (CRFs) will be made available in de-identified format following closure of the protocol in a publicly available repository, to be identified in papers published from the study. Data obtained from the study sites (routinely generated medical record data) will not be owned by the study and cannot be made publicly available by the authors....### Availability of data and materials Data generated by the study (case report forms) will be made available in de- identified format following protocol closure in a publicly available repository, to be identified in papers published from this study. Data obtained from the study sites (routinely generated medical record data) will not be owned by the authors and cannot be made available by them....",Not publicly available,No
68,Results,PMC7451542,https://www.ncbi.nlm.nih.gov/pmc/articles/PMC7451542/,"...## Data Availability Data generated by the study will be made publicly available in the Dryad repository (http://www.datadryad.org/) after the protocol has been closed (anticipated closure December 2020). Until then, data will remain under the supervision of the Boston University Medical Campus IRB and the University of the Witwatersrand Human Research Ethics Committee (HREC). Requests can be sent to the BUMC IRB at ude.ub@bridem. Data extracted from routine medical records are owned by the study sites and the South African National Department of Health and cannot be made publicly available by the authors.",Not publicly available,No
69,Protocol,PMC3260439,https://www.ncbi.nlm.nih.gov/pmc/articles/PMC3260439/,,Not reported,No
69,Results,PMC7846038,https://www.ncbi.nlm.nih.gov/pmc/articles/PMC7846038/,,Not reported,No
70,Protocol,PMC4919867,https://www.ncbi.nlm.nih.gov/pmc/articles/PMC4919867/,...All databases will be password-protected and only accessible to authorised personnel....,Not publicly available,No
70,Results,PMC8938762,https://www.ncbi.nlm.nih.gov/pmc/articles/PMC8938762/,...## Data sharing Anonymised participant data and a data dictionary will be made available by 12 months after publication. Data will be shared following a reasonable submitted request and approval by the corresponding author....,Not publicly available,No
71,Protocol,PMC3193523,https://www.ncbi.nlm.nih.gov/pmc/articles/PMC3193523/,,Not reported,No
71,Results,PMC4266388,https://www.ncbi.nlm.nih.gov/pmc/articles/PMC4266388/,,Not reported,No
72,Protocol,PMC6597746,https://www.ncbi.nlm.nih.gov/pmc/articles/PMC6597746/,...Only the investigators will have access to the final dataset....,Not publicly available,No
72,Results,PMC8539308,https://www.ncbi.nlm.nih.gov/pmc/articles/PMC8539308/,...## Data Availability Statement Data are available upon reasonable request. Proposals should be directed to the corresponding author....,Not publicly available,No
73,Protocol,PMC5765655,https://www.ncbi.nlm.nih.gov/pmc/articles/PMC5765655/,...Upon completion of trial data will be made available per the requirements of all registered clinical trials at clinicaltrials.gov. Program materials are provided as figures associated with this manuscript....,Not publicly available,No
73,Results,PMC7282578,https://www.ncbi.nlm.nih.gov/pmc/articles/PMC7282578/,,Not reported,No
74,Protocol,PMC4037747,https://www.ncbi.nlm.nih.gov/pmc/articles/PMC4037747/,,Not reported,No
74,Results,PMC7242434,https://www.ncbi.nlm.nih.gov/pmc/articles/PMC7242434/,"...### Source data Source Data(26K, xlsx)...## Data availability The full study protocol and the datasets, which includes all data fields reported in this study, are available, following manuscript publication, upon request from the corresponding author (Dr. Stephen Freedman, Stephen.Freedman@AlbertaHealthServices.ca), following the provision of ethics approval. The source data underlying Figs. 2 and 3a‚Äìc are provided as a Source Data file....",Not publicly available,No
75,Protocol,PMC5634880,https://www.ncbi.nlm.nih.gov/pmc/articles/PMC5634880/,,Not reported,No
75,Results,PMC9822771,https://www.ncbi.nlm.nih.gov/pmc/articles/PMC9822771/,"...## Data availability statement The raw data supporting the conclusion of this article will be made available by the authors, without undue reservation....",Not publicly available,No
76,Protocol,PMC4363354,https://www.ncbi.nlm.nih.gov/pmc/articles/PMC4363354/,,Not reported,No
76,Results,PMC5873374,https://www.ncbi.nlm.nih.gov/pmc/articles/PMC5873374/,,Not reported,No
77,Protocol,PMC4328054,https://www.ncbi.nlm.nih.gov/pmc/articles/PMC4328054/,,Not reported,No
77,Results,PMC8538243,https://www.ncbi.nlm.nih.gov/pmc/articles/PMC8538243/,"...## Data Availability Statement All data are considered confidential and treated according to Regulation 2016/679 of the European Parliament and Council of 27 April 2016 on Data Protection and Organic Law 3/2018, of 5 December, on the protection of personal data and guarantee of digital rights. Access is restricted to the research team by password. Data are available on reasonable request. The full dataset and statistical code are available from the corresponding (fmartin.tgn.ics@gencat.cat)....",Not publicly available,No
78,Protocol,PMC7931026,https://www.ncbi.nlm.nih.gov/pmc/articles/PMC7931026/,...## Data Availability Statement Not applicable....,Not publicly available,No
78,Results,PMC9225274,https://www.ncbi.nlm.nih.gov/pmc/articles/PMC9225274/,...## Data Availability Statement The raw scores at reassessments are reported in the Supplementary Materials....,Publicly available,No
79,Protocol,PMC4074338,https://www.ncbi.nlm.nih.gov/pmc/articles/PMC4074338/,,Not reported,No
79,Results,PMC4919206,https://www.ncbi.nlm.nih.gov/pmc/articles/PMC4919206/,,Not reported,No
80,Protocol,PMC5838559,https://www.ncbi.nlm.nih.gov/pmc/articles/PMC5838559/,,Not reported,No
80,Results,PMC7654934,https://www.ncbi.nlm.nih.gov/pmc/articles/PMC7654934/,,Not reported,No
81,Protocol,PMC3039582,https://www.ncbi.nlm.nih.gov/pmc/articles/PMC3039582/,,Not reported,No
81,Results,PMC3636795,https://www.ncbi.nlm.nih.gov/pmc/articles/PMC3636795/,,Not reported,No
82,Protocol,PMC8053307,https://www.ncbi.nlm.nih.gov/pmc/articles/PMC8053307/,,Not reported,No
82,Results,PMC8747778,https://www.ncbi.nlm.nih.gov/pmc/articles/PMC8747778/,,Not reported,No
83,Protocol,PMC5422966,https://www.ncbi.nlm.nih.gov/pmc/articles/PMC5422966/,"...Data sharing is not applicable to this article, because no datasets were generated or analysed during the present study....",Not publicly available,No
83,Results,PMC8820776,https://www.ncbi.nlm.nih.gov/pmc/articles/PMC8820776/,"...Individual participant data that underlie the results reported in this article, after de-identification (text, tables, figures, and appendices), and study protocol, statistical analysis plan, and analytic code will be shared with investigators whose proposed use of the data has been approved by an independent review committee (‚Äúlearned intermediary‚Äù) identified for this purpose, and after assuring that this data-sharing complies with ethical permissions. Data may be used for individual participant data meta-analysis. Data sharing proposals should be sent to the corresponding author....",Not publicly available,No
84,Protocol,PMC4617887,https://www.ncbi.nlm.nih.gov/pmc/articles/PMC4617887/,,Not reported,No
84,Results,PMC6613852,https://www.ncbi.nlm.nih.gov/pmc/articles/PMC6613852/,...## Data Sharing A data-sharing statement is provided with the online version of the article (http://links.lww.com/JBJSOA/A95).,Not publicly available,No
85,Protocol,PMC4738785,https://www.ncbi.nlm.nih.gov/pmc/articles/PMC4738785/,"...Behavioral surveys are collected at each assessment, and biological samples are collected at baseline and 30-month post-intervention only....To collect biological specimens, blood and urine samples are drawn from participants immediately after the behavioral survey is completed. To assess baseline prevalence of sexually transmitted infections (STIs), a subsample of 50 % of men that report ever having sex on their baseline survey are asked to provide a blood and urine specimen for HIV and STI tests. At the 30-month assessment, all men are asked to provide biological samples....### Availability of data and materials Data collected through this study and used in analyses will be made available as additional supporting files for main papers. At the conclusion of our main study analyses data will be made available upon request and in accordance with U.S. National Institute of Health regulations....",Not publicly available,No
85,Results,PMC7083321,https://www.ncbi.nlm.nih.gov/pmc/articles/PMC7083321/,"...Assessments were conducted at baseline, 12-months, and 30-months post- intervention launch, with biological samples drawn at baseline and 30-months to test for STIs....To assess the prevalence of STIs at baseline and during the 30-month follow- up, we collected and tested urine samples using Multiplex PCR to detect both Chlamydia trachomatis (CT) and Neisseria gonorrhoea (NG)....#### S3 Data (CSV)...## Data Availability All relevant data are within the manuscript and its Supporting Information files.",Publicly available,No
86,Protocol,PMC4660775,https://www.ncbi.nlm.nih.gov/pmc/articles/PMC4660775/,"...To ensure data security and confidentiality, the coded anonymous case report forms will be stored in a locked room to which only the assessors have access....",Not publicly available,No
86,Results,PMC8899208,https://www.ncbi.nlm.nih.gov/pmc/articles/PMC8899208/,"...## Data Availability Statement The raw data supporting the conclusions of this article will be made available by the authors, without undue reservation....",Not publicly available,No
87,Protocol,PMC4696142,https://www.ncbi.nlm.nih.gov/pmc/articles/PMC4696142/,"...A fasting blood sample is drawn according to standard procedures by a clinical research center phlebotomist....Staff at the clinical research center processes the blood samples according to standard procedures for storage. Briefly, a total of 30 ml of blood is collected in red top vacutainer tubes (without anticoagulant). Blood (approximately 15 ml) is allowed to clot for 20 min and subsequently centrifuged at 2500 rpm for 20 min to separate serum. Staff collects, aliquots serum, which is frozen at-80 ¬∞C until analysis....Each sample is assayed in duplicate and repeated if variability exceeds 15 %. We will monitor quality control of laboratory tests by ensuring internal positive and negative controls are within the parameters of the test kit for each assay and by evaluating for trends over time....",Not reported,No
87,Results,PMC5562172,https://www.ncbi.nlm.nih.gov/pmc/articles/PMC5562172/,,Not reported,No
88,Protocol,PMC5961554,https://www.ncbi.nlm.nih.gov/pmc/articles/PMC5961554/,"...Only the principal investigator, or those who have permission, will be able to access the data....All patient identifiable data will be kept confidential, even when the results of the trial are published and participant information will be stored in a secure file, and only the primary investigator (including those who have permission) and the monitor will have access to the data....",Not publicly available,No
88,Results,PMC8801800,https://www.ncbi.nlm.nih.gov/pmc/articles/PMC8801800/,"...## Data Availability Statement The raw data supporting the conclusion of this article will be made available by the authors, without undue reservation....",Not publicly available,No
89,Protocol,PMC3407514,https://www.ncbi.nlm.nih.gov/pmc/articles/PMC3407514/,,Not reported,No
89,Results,PMC5293604,https://www.ncbi.nlm.nih.gov/pmc/articles/PMC5293604/,,Not reported,No
90,Protocol,PMC5898565,https://www.ncbi.nlm.nih.gov/pmc/articles/PMC5898565/,"...A subset of patents will also have blood drawn at specific times as outlined in Fig. 3 and stored for future analysis of independent markers of corpora luteal function in the luteal phase and early pregnancy....#### 2.12.1. Independent corpora luteal function study...After the serum is collected it will be coded using the same subject identification codes as previously described. The code will consist of a 2 letter study abbreviation followed by a sequential 3 digit number....Coded samples will be stored at the Center for Advanced Reproductive Services at the University of Connecticut Health Center in a ‚àí80 ¬∞C freezer in a locked room only accessible to study personnel. For those subjects whose serum E2 is ‚â• 4000 pg/mL the serum markers will be drawn in the luteal phase and early pregnancy in order to compare those markers with those subjects who receive low dose hCG....After the study has been completed, the study samples will be analyzed at the Clinical Research Center Core Lab at the University of Connecticut Health Center for prorenin, 17-OH P and hCG. After the analysis is complete, the samples will be properly discarded per University of Connecticut Health Center protocol....",Not reported,No
90,Results,PMC6347742,https://www.ncbi.nlm.nih.gov/pmc/articles/PMC6347742/,...### Availability of data and materials The datasets used and/or analyzed during the current study are available from the corresponding author on reasonable request....,Not publicly available,No
91,Protocol,PMC4683762,https://www.ncbi.nlm.nih.gov/pmc/articles/PMC4683762/,...Only investigators and authorised research personnel will have access to the database....,Not publicly available,No
91,Results,PMC9131673,https://www.ncbi.nlm.nih.gov/pmc/articles/PMC9131673/,"...This was collected by Associa√ß√£o Fundo de Incentivo √† Pesquisa, a non-profit private institution that works with diagnostic medicine and research, previously chosen for this RCT and in partnership with UNIFESP....De-identified data are available for collaborative projects upon request and with appropriate Ethics approval. Requests for access to the data should be made to the corresponding author Phillipa Hay (p.hay@westernsydney.edu.au)....",Not publicly available,No
92,Protocol,PMC6503132,https://www.ncbi.nlm.nih.gov/pmc/articles/PMC6503132/,"...#### 2.6.6. Blood sample assessments Blood spot samples were obtained at baseline and at all visits for analysis of fatty acids. Samples of non-fasting capillary blood were collected on BHT/EDTA impregnated filter paper through the fingertip prick method. This uses a high flow 18 G safety lancet (Assure Haemolance Plus) which was made by Arkay Inc. (Edina, MN, USA). Samples were air‚Äìdried for 3 h at room temperature and stored in a closed sample container overnight during transportation. Samples were shipped to the NIH. Fatty acid compositions were analyzed as previously described [32]....Aker Biomarine Antarctic AS had no influence on the conduct of the study, will have no access to study data prior to analysis, and will have no influence on the interpretation of study results or preparation of the resulting manuscripts....",Not reported,No
92,Results,PMC8228047,https://www.ncbi.nlm.nih.gov/pmc/articles/PMC8228047/,"...Blood spot samples of non-fasting capillary blood were obtained on BHT/EDTA- impregnated filter paper by finger prick at baseline and at all visits for determination of participant study protocol compliance through analyses of fatty acids (experimental group) and oleic and palmitoleic acids (control group). A high flow 18G safety lancet (Assure Haemolance Plus, Arkay Inc., Edina, MN, USA) was used to obtain the samples, which were air dried for 3 h at room temperature, stored in containers under refrigeration and shipped to the US National Institutes of Health (NIH) where they were analyzed for fatty acid composition by the method of Lin et al. [30] in the laboratory of a co- investigator (JRH)....## Conflicts of Interest The authors state that they have no competing interests to report. Aker Biomarine Antarctic AS had no influence on the conduct of the study, had no access to study data prior to analysis, and had no influence on the interpretation of study results or preparation of this resulting manuscript....",Not reported,No
93,Protocol,PMC4966873,https://www.ncbi.nlm.nih.gov/pmc/articles/PMC4966873/,"...The intervention programs will be offered at Araba University Hospital and biological samples will be analyzed at Complutense University of Madrid....#### Biological variables To assess whether the treatment program is able to normalize any changes in the components of the ECS, peripheral blood mononuclear cells (10 ml of venous blood anticoagulated with ethylenediaminetetraacetic acid (EDTA)) are to be collected at baseline, at post-treatment and at 3 and 6 months and 1 year of follow-up. In peripheral blood mononuclear cells, the following elements of the endogenous cannabinoid system are to be measured: synthesis enzymes (NAPE- PLD, DAG-L), degrading enzymes (FAAH, MAG-L), and receptors (CB1 and CB2) by Western blot (protein) and reverse transcription-polymerase chain reaction (mRNA). Toxins in urine are assessed with an immunochromatographic test to detect drug metabolites at baseline, at sessions 4 and 8 of the psychological treatment, post-treatment, and at 3 and 6 months and 1 year of follow-up....",Not reported,No
93,Results,PMC9224093,https://www.ncbi.nlm.nih.gov/pmc/articles/PMC9224093/,"...Toxins in urine analysis were performed with an immunochromatographic test to detect qualitatively drug metabolites at baseline, at sessions 4 and 8 of the psychological treatment, at post- treatment, and at 3 and 6 months and 1 year of follow-up....## Data Availability Statement The data are contained within the article....",Publicly available,No
94,Protocol,PMC3146889,https://www.ncbi.nlm.nih.gov/pmc/articles/PMC3146889/,,Not reported,No
94,Results,PMC4010222,https://www.ncbi.nlm.nih.gov/pmc/articles/PMC4010222/,,Not reported,No
95,Protocol,PMC3155829,https://www.ncbi.nlm.nih.gov/pmc/articles/PMC3155829/,,Not reported,No
95,Results,PMC5023160,https://www.ncbi.nlm.nih.gov/pmc/articles/PMC5023160/,...## Data Availability All relevant data are within the paper.,Publicly available,No
96,Protocol,PMC4807574,https://www.ncbi.nlm.nih.gov/pmc/articles/PMC4807574/,,Not reported,No
96,Results,PMC6657860,https://www.ncbi.nlm.nih.gov/pmc/articles/PMC6657860/,...## Data Availability All relevant data are withing the paper and its Supporting Information files.,Publicly available,No
97,Protocol,PMC4827169,https://www.ncbi.nlm.nih.gov/pmc/articles/PMC4827169/,,Not reported,No
97,Results,PMC6296522,https://www.ncbi.nlm.nih.gov/pmc/articles/PMC6296522/,"...## Data Availability The data from our study contain potentially sensitive information. The data are available upon request, however, a data transfer agreement needs to be in place to cover the transfer of data sets to meet the Danish Act on Processing of Personal Data. Interested researchers may direct data queries to kd.uds@ksedecivres.",Not publicly available,No
98,Protocol,PMC3543344,https://www.ncbi.nlm.nih.gov/pmc/articles/PMC3543344/,,Not reported,No
98,Results,PMC5412730,https://www.ncbi.nlm.nih.gov/pmc/articles/PMC5412730/,,Not reported,No
99,Protocol,PMC3165063,https://www.ncbi.nlm.nih.gov/pmc/articles/PMC3165063/,,Not reported,No
99,Results,PMC6355152,https://www.ncbi.nlm.nih.gov/pmc/articles/PMC6355152/,,Not reported,No
100,Protocol,PMC3661346,https://www.ncbi.nlm.nih.gov/pmc/articles/PMC3661346/,,Not reported,No
100,Results,PMC6982403,https://www.ncbi.nlm.nih.gov/pmc/articles/PMC6982403/,,Not reported,No