PairID,Protocol/Results,PMCID,Link,Text,Allocation ratio (select the best answer),Used full article,Note
1,Protocol,PMC3117715,https://www.ncbi.nlm.nih.gov/pmc/articles/PMC3117715/,"...The randomisation sequence is generated using a computer random number generator, in a 1:1 ratio, and a permuted block design with varying block sizes up to 6, stratified by prior care home residence....",Equal allocation to all groups,No,
1,Results,PMC3698942,https://www.ncbi.nlm.nih.gov/pmc/articles/PMC3698942/,"...Potentially suitable patients were entered on a computerised screening log and, if a bed was available on the specialist unit, randomised 1:1 between the unit and standard care in a permuted block design, stratified for previous residence in a care hom",Equal allocation to all groups,No,
2,Protocol,PMC3120681,https://www.ncbi.nlm.nih.gov/pmc/articles/PMC3120681/,"...Eligible participants will be allocated 1:1 to the sertraline 50 mg/d arm and to the sertraline 100 mg/d arm....The patients scoring 5 or more on PHQ9 at week 3 will be allocated 1:1:1 to the continue-sertraline arm, the mirtazapine augmentation arm, a",Equal allocation to all groups,No,
2,Results,PMC6040068,https://www.ncbi.nlm.nih.gov/pmc/articles/PMC6040068/,"...In step 2, participants who had not reached remission, defined as scoring 4 or less on the Patient Health Questionnaire (PHQ-9) [34] at week 3, were randomised 1:1:1 through the web-based central computer system to continue with sertraline, to combine ",Equal allocation to all groups,No,
3,Protocol,PMC3355035,https://www.ncbi.nlm.nih.gov/pmc/articles/PMC3355035/,,Not reported,No,
3,Results,PMC4260077,https://www.ncbi.nlm.nih.gov/pmc/articles/PMC4260077/,,Not reported,No,
4,Protocol,PMC3418177,https://www.ncbi.nlm.nih.gov/pmc/articles/PMC3418177/,"...As shown in Figure 1, severely fatigued patients will be randomized to either the intervention group (75%) or the control group (25%)....",Other,No,
4,Results,PMC3770709,https://www.ncbi.nlm.nih.gov/pmc/articles/PMC3770709/,...Sixty-four fatigued patients consented and were randomly assigned at a ratio of 3:1 to either the intervention condition (n=50) or the waiting list condition (n=14)....,Other,No,
5,Protocol,PMC6069849,https://www.ncbi.nlm.nih.gov/pmc/articles/PMC6069849/,,Not reported,No,
5,Results,PMC6977217,https://www.ncbi.nlm.nih.gov/pmc/articles/PMC6977217/,"...Sample size estimation for the primary outcome measure was conducted prior to study initiation, resulting in a total of 21 children in each group (ES = 0.9, alpha-level = 0.05, statistical power = 0.80), as described in more detailed in.16...",Equal allocation to all groups,No,
6,Protocol,PMC3751729,https://www.ncbi.nlm.nih.gov/pmc/articles/PMC3751729/,...Patients will be randomly assigned to one of the two treatment groups with an equal probability of assignment to each treatment (allocation ratio 1:1)....,Equal allocation to all groups,No,
6,Results,PMC4210495,https://www.ncbi.nlm.nih.gov/pmc/articles/PMC4210495/,...Patients were randomly assigned to one of the two treatment groups with an equal probability of assignment to each treatment (allocation ratio 1:1)....,Equal allocation to all groups,No,
7,Protocol,PMC6311046,https://www.ncbi.nlm.nih.gov/pmc/articles/PMC6311046/,...Participants will be equally distributed between the two study arms with 121 participants in each arm....,Equal allocation to all groups,No,
7,Results,PMC6537555,https://www.ncbi.nlm.nih.gov/pmc/articles/PMC6537555/,...Participants were equally distributed between the two study groups....,Equal allocation to all groups,No,
8,Protocol,PMC4219009,https://www.ncbi.nlm.nih.gov/pmc/articles/PMC4219009/,"...The twelve CHCs were matched in a 1:1 ratio according to patient census and average ANC volume, and one clinic in each pair was randomly assigned to the experimental or control condition using a computer program written by the data manager....",Equal allocation to all groups,No,
8,Results,PMC5732507,https://www.ncbi.nlm.nih.gov/pmc/articles/PMC5732507/,"...The twelve CHCs were matched in a 1:1 ratio according to patient census, average ANC volume, and MTCT rates; one clinic in each pair was randomly assigned to the experimental or control condition using a computer program written by the data manager....",Equal allocation to all groups,No,
9,Protocol,PMC3297520,https://www.ncbi.nlm.nih.gov/pmc/articles/PMC3297520/,"...The allocation ratio will be 1:1 in blocks of 2....Therefore, we had designed a preliminary test using total 100 participants (50:50)....",Equal allocation to all groups,No,
9,Results,PMC3524425,https://www.ncbi.nlm.nih.gov/pmc/articles/PMC3524425/,"...The enrolled subjects were scheduled for the first visit, and subjects were randomly assigned to one of two groups, the concentrated red ginseng (n = 50) or placebo (n = 50) group....",Equal allocation to all groups,No,
10,Protocol,PMC3898142,https://www.ncbi.nlm.nih.gov/pmc/articles/PMC3898142/,,Not reported,No,
10,Results,PMC3781531,https://www.ncbi.nlm.nih.gov/pmc/articles/PMC3781531/,...Allocation ratio was 1:1....,Equal allocation to all groups,No,
11,Protocol,PMC6112404,https://www.ncbi.nlm.nih.gov/pmc/articles/PMC6112404/,"...In AVADEC, half of the patients are randomised to supplementation with MK-7 (720 ¬µg/day) including the recommended daily dose of vitamin D (25 ¬µg/day) and the other half to placebo treatment (no active treatment)....We are planning a study of a conti",Equal allocation to all groups,No,
11,Results,PMC9047644,https://www.ncbi.nlm.nih.gov/pmc/articles/PMC9047644/,...Patients were randomly assigned in a 1:1 ratio to either daily oral supplementation with MK-7 (720 ¬µg/d) and the recommended daily dose of vitamin D (25 ¬µg/d) or placebo for 24 months....,Equal allocation to all groups,No,
12,Protocol,PMC5153683,https://www.ncbi.nlm.nih.gov/pmc/articles/PMC5153683/,"...The project director will use a computer-generated allocation sequence to randomize participants in a 1:1 ratio to MAT + A-CHESS or MAT alone, stratifying on gender and site and balancing on age, level of care (intensive outpatient treatment, day treat",Equal allocation to all groups,No,
12,Results,PMC7939944,https://www.ncbi.nlm.nih.gov/pmc/articles/PMC7939944/,...Individuals with diagnosed OUD of at least moderate severity who were receiving addiction treatment at 3 centers in Massachusetts and Wisconsin were randomly assigned in a 1:1 ratio to receive either MAT alone (control arm) or MAT+A-CHESS (experimental,Equal allocation to all groups,No,
13,Protocol,PMC4025413,https://www.ncbi.nlm.nih.gov/pmc/articles/PMC4025413/,"...Randomisation will be carried out in a 1:1:1 ratio to prasugrel, ticagrelor or clopidogrel using block randomisation without stratification by means of an SAS program....",Equal allocation to all groups,No,
13,Results,PMC8710519,https://www.ncbi.nlm.nih.gov/pmc/articles/PMC8710519/,,Not reported,No,
14,Protocol,PMC4446829,https://www.ncbi.nlm.nih.gov/pmc/articles/PMC4446829/,"...Each block will therefore result in the allocation of three women for the intervention and six women for the control group, ensuring a recruitment balance of 1:2 throughout the study....The intervention:control ratio will be 1:2, therefore 426 will be ",Other,No,
14,Results,PMC5741924,https://www.ncbi.nlm.nih.gov/pmc/articles/PMC5741924/,"...Each block resulted in the allocation of three women for the intervention and six women for the control group, ensuring a recruitment balance of 1:2 throughout the study. We used 2 controls to 1 case in order to increase precision and statistical power",Other,No,
15,Protocol,PMC3973868,https://www.ncbi.nlm.nih.gov/pmc/articles/PMC3973868/,,Not reported,No,
15,Results,PMC8296136,https://www.ncbi.nlm.nih.gov/pmc/articles/PMC8296136/,,Not reported,No,
16,Protocol,PMC5379660,https://www.ncbi.nlm.nih.gov/pmc/articles/PMC5379660/,,Not reported,No,
16,Results,PMC9380327,https://www.ncbi.nlm.nih.gov/pmc/articles/PMC9380327/,"...This was a single-center, pragmatic three-arm randomized (1:1:1) controlled trial, which recruited adult smokers (‚â• 10 cigarettes/day), who were willing to attempt to stop smoking with support (n = 248)....",Equal allocation to all groups,No,
17,Protocol,PMC3481366,https://www.ncbi.nlm.nih.gov/pmc/articles/PMC3481366/,,Not reported,No,
17,Results,PMC6853170,https://www.ncbi.nlm.nih.gov/pmc/articles/PMC6853170/,...We randomly assigned (1:1) patients to receive tranexamic acid (loading dose 1 g over 10 min then infusion of 1 g over 8 h) or matching placebo....,Equal allocation to all groups,No,
18,Protocol,PMC4570710,https://www.ncbi.nlm.nih.gov/pmc/articles/PMC4570710/,"...Infants were randomly allocated into one of three groups in proportions of 1:1:1, following randomization lists performed by an independent center for clinical research and development (R&D, Region Skane)....",Equal allocation to all groups,No,
18,Results,PMC5466913,https://www.ncbi.nlm.nih.gov/pmc/articles/PMC5466913/,"...Participants were randomly allocated into one of the three groups in a 1:1:1 ratio, according to randomisation lists generated by R&D, Region Skane....",Equal allocation to all groups,No,
19,Protocol,PMC5859815,https://www.ncbi.nlm.nih.gov/pmc/articles/PMC5859815/,...Clusters were then randomised 1:1 into the two study arms....,Equal allocation to all groups,No,
19,Results,PMC7877039,https://www.ncbi.nlm.nih.gov/pmc/articles/PMC7877039/,"...The 168 clusters were stratified into three groups according to the number of households (< 69 = small; 69‚Äì125 = medium; > 125 = large), and randomized 1:1 into one of the two arms, IRS and no-IRS, by drawing lots during a public community-engagement",Equal allocation to all groups,No,
20,Protocol,PMC4710982,https://www.ncbi.nlm.nih.gov/pmc/articles/PMC4710982/,...This is a randomized double blinded placebo-controlled non-inferiority trial with parallel assignment and treatment allocation ratio of 1:1....,Equal allocation to all groups,No,
20,Results,PMC7244232,https://www.ncbi.nlm.nih.gov/pmc/articles/PMC7244232/,"...Children were randomly allocated (1:1) to groups receiving either syrup Amoxicillin in two divided doses for three days, using IMCI recommended weight bands, or to placebo....",Equal allocation to all groups,No,
21,Protocol,PMC3406972,https://www.ncbi.nlm.nih.gov/pmc/articles/PMC3406972/,"...This resulted in 52 total CHOs evenly allocated overall (26 vs. 26), within each of the six strata with an even number of CHOs, and in a ratio of 4:3 and 3:4 in the two strata with an odd number of CHOs (Table 1)....",Equal allocation to all groups,No,
21,Results,PMC3794862,https://www.ncbi.nlm.nih.gov/pmc/articles/PMC3794862/,...The 52 CHOs were randomly allocated equally to either the intervention (oxytocin) or the control group; this allocation was stratified by both district and distance (‚â§10 km or >10 km) to emergency obstetric care....,Equal allocation to all groups,No,
22,Protocol,PMC7745514,https://www.ncbi.nlm.nih.gov/pmc/articles/PMC7745514/,"...In this study, a 1:1 open-label randomisation is used to assign participants to the intervention group (IG) or the CG....",Equal allocation to all groups,No,
22,Results,PMC8852666,https://www.ncbi.nlm.nih.gov/pmc/articles/PMC8852666/,"...A prospective, open-label, parallel 1:1 randomised controlled trial (RCT), unblinded for outcome evaluation, structured on the basis of the Consolidated Standards of Reporting Trials (CONSORT),47 was conducted in Dakahlia Governorate, Egypt48 from Dece",Equal allocation to all groups,No,
23,Protocol,PMC3345610,https://www.ncbi.nlm.nih.gov/pmc/articles/PMC3345610/,,Not reported,No,
23,Results,PMC4055800,https://www.ncbi.nlm.nih.gov/pmc/articles/PMC4055800/,"...The sample size calculation was based on the primary outcome and a difference of 15 mm on VAS was regarded as clinically relevant, this gave 101 in each group, including a total of 303 women....",Equal allocation to all groups,No,
24,Protocol,PMC5935890,https://www.ncbi.nlm.nih.gov/pmc/articles/PMC5935890/,...We used a database maintained by the Rwanda MOLG that contains the Ubudehe categorization of all households (subsequently referred to as the 'Ubudehe database') to generate a count of eligible households in each sector and determined that a 3:1 allocat,Other,No,
24,Results,PMC6546207,https://www.ncbi.nlm.nih.gov/pmc/articles/PMC6546207/,"...Sectors were randomly assigned to the intervention or the control at a 3:1 ratio in order to meet implementer and MOH goals of delivery to 100,000 households....",Other,No,
25,Protocol,PMC3651718,https://www.ncbi.nlm.nih.gov/pmc/articles/PMC3651718/,"...Patient allocation occurs using a minimization algorithm [33], to maintain groups balanced within each center, according to those characteristics potentially influencing the study outcomes, as indicated by the SedaEN Steering Committee....",Not reported,No,
25,Results,PMC6323792,https://www.ncbi.nlm.nih.gov/pmc/articles/PMC6323792/,"...After written informed consent had been obtained from patients or relatives according to the indications of the 12 local ethics committees that approved the study, the group allocation was established with a minimization algorithm balanced within cente",Not reported,No,
26,Protocol,PMC5857085,https://www.ncbi.nlm.nih.gov/pmc/articles/PMC5857085/,...The allocation ratio is 1:1....,Equal allocation to all groups,No,
26,Results,PMC7038903,https://www.ncbi.nlm.nih.gov/pmc/articles/PMC7038903/,"...Seven sites were allocated to each arm, for a total of 28 sites....",Equal allocation to all groups,No,
27,Protocol,PMC6893558,https://www.ncbi.nlm.nih.gov/pmc/articles/PMC6893558/,,Not reported,No,
27,Results,PMC8144928,https://www.ncbi.nlm.nih.gov/pmc/articles/PMC8144928/,,Not reported,No,
28,Protocol,PMC5832903,https://www.ncbi.nlm.nih.gov/pmc/articles/PMC5832903/,"...We planned to enroll 300 patients with type-2 diabetes from the health system‚Äôs primary care network, randomizing half to usual care and half to the P2E2T2 Program‚Äôs mHealth enabled nurse health coaching intervention....Following verbal consent, bl",Equal allocation to all groups,No,
28,Results,PMC7076411,https://www.ncbi.nlm.nih.gov/pmc/articles/PMC7076411/,"...Following telephone consent, we used Research Electronic Data Capture to randomize participants to 1 of the 2 groups in a 1:1 ratio, stratified by clinic site, to either the usual care (control group) or the P2E2T2 program....",Equal allocation to all groups,No,
29,Protocol,PMC3061925,https://www.ncbi.nlm.nih.gov/pmc/articles/PMC3061925/,,Not reported,No,
29,Results,PMC3894173,https://www.ncbi.nlm.nih.gov/pmc/articles/PMC3894173/,"...For the primary endpoint comparison, 120 patients per arm would provide 80% power to detect non-inferiority within a margin of 10%, assuming 95% cure in the reference arm, a one-sided alpha of 0¬∑05 and 15% loss-to-follow-up....",Equal allocation to all groups,No,
30,Protocol,PMC3148988,https://www.ncbi.nlm.nih.gov/pmc/articles/PMC3148988/,"...After initial assessments, the women will be randomly assigned to either intervention or control (1:1 randomisation, Figure ).1)....",Equal allocation to all groups,No,
30,Results,PMC4961392,https://www.ncbi.nlm.nih.gov/pmc/articles/PMC4961392/,"...After baseline assessments, the participants were randomly allocated 1:1 to the intervention or the control group....",Equal allocation to all groups,No,
31,Protocol,PMC5994046,https://www.ncbi.nlm.nih.gov/pmc/articles/PMC5994046/,...An equal number of programs will be randomized to each study arm....,Equal allocation to all groups,No,
31,Results,PMC6814122,https://www.ncbi.nlm.nih.gov/pmc/articles/PMC6814122/,,Not reported,No,
32,Protocol,PMC3045905,https://www.ncbi.nlm.nih.gov/pmc/articles/PMC3045905/,"...A non-stratified block randomization with variable block lengths will be carried out, with a 2:1:1:2 ratio (aiming at exposing a smaller number of participants to placebo treatment) for group 1: group 2: group 3: group 4 (i.e. 76:38:38:76 patients)....",Other,No,
32,Results,PMC3781106,https://www.ncbi.nlm.nih.gov/pmc/articles/PMC3781106/,"...A block randomization with variable block lengths was carried out using a 2‚à∂1‚à∂2‚à∂1 ratio (exposing a smaller number of participants to placebo) and placed in sequentially numbered, sealed opaque envelopes....",Other,No,
33,Protocol,PMC3192674,https://www.ncbi.nlm.nih.gov/pmc/articles/PMC3192674/,"...Chapple and Hong-Jeng Yu [16,17], to detect a reduction in IPSS of 7 with a two-sided 5% significance level and a power of 90%, 50 patients will be needed for treatment group and control group respectively (1:1 allocation) allowing for a 20% dropout ra",Equal allocation to all groups,No,
33,Results,PMC3625218,https://www.ncbi.nlm.nih.gov/pmc/articles/PMC3625218/,"...Therefore, in conjunction with methods and results of the studies by Chapple et al [23] and Yu et al [24], 50 patients will be needed for each group (1:1 allocation) in the present study to detect a seven point reduction in IPSS with a two-tailed signi",Equal allocation to all groups,No,
34,Protocol,PMC4676178,https://www.ncbi.nlm.nih.gov/pmc/articles/PMC4676178/,"...Using block randomization with an alternating block size of 2 or 4, we will randomly allocate clusters (via a 1:1 ratio and stratified by site) to the intervention or control group via a computer-generated random digit performed by an independent stati",Equal allocation to all groups,No,
34,Results,PMC6593322,https://www.ncbi.nlm.nih.gov/pmc/articles/PMC6593322/,"...Consenting organisations were randomised in a 1:1 ratio to a continence promotion or control intervention in permutated alternating block sizes of 2 or 4, stratified according to site....",Equal allocation to all groups,No,
35,Protocol,PMC3045306,https://www.ncbi.nlm.nih.gov/pmc/articles/PMC3045306/,,Not reported,No,
35,Results,PMC4511259,https://www.ncbi.nlm.nih.gov/pmc/articles/PMC4511259/,,Not reported,No,
36,Protocol,PMC3816245,https://www.ncbi.nlm.nih.gov/pmc/articles/PMC3816245/,...The trial is a randomised controlled superiority trial with two parallel arms using a 1:1 allocation ratio....,Equal allocation to all groups,No,
36,Results,PMC4407900,https://www.ncbi.nlm.nih.gov/pmc/articles/PMC4407900/,,Not reported,No,
37,Protocol,PMC4235173,https://www.ncbi.nlm.nih.gov/pmc/articles/PMC4235173/,,Not reported,No,
37,Results,PMC9007089,https://www.ncbi.nlm.nih.gov/pmc/articles/PMC9007089/,"...A single-center, phase II, active-controlled RCT with participant and outcome assessor blinding, and minimized allocation (Scott et al. 2002) of participants to one of the two groups (adaptive training or nonadaptive training) according to: age (younge",Equal allocation to all groups,Yes,
38,Protocol,PMC3727984,https://www.ncbi.nlm.nih.gov/pmc/articles/PMC3727984/,...Randomization will be performed on-line via a secure internet facility in a 1:1 ratio by the TENALEA Clinical Trial Data Management System using randomly permuted blocks with maximum block size 4 within strata formed by nine spiritual counsellors....,Equal allocation to all groups,No,
38,Results,PMC6529670,https://www.ncbi.nlm.nih.gov/pmc/articles/PMC6529670/,...Randomization was performed online via a secure Internet facility in a 1:1 ratio by the TENALEA Clinical Trial Data Management System using randomly permuted blocks with maximum block size 4 within strata formed by seven spiritual counselors....,Equal allocation to all groups,No,
39,Protocol,PMC5826976,https://www.ncbi.nlm.nih.gov/pmc/articles/PMC5826976/,"...This is a three-arm single center pilot randomized trial with allocation ratio of 1:1:1....Participants are randomized with an allocation ratio of 1:1:1 to the control self-driven arm (Group A), Coachtext (Group B), or MyCoach (Group C)....",Equal allocation to all groups,No,
39,Results,PMC8660785,https://www.ncbi.nlm.nih.gov/pmc/articles/PMC8660785/,"...The PATH study was a three-arm, randomized parallel trial with an allocation ratio of 1:1:1....",Equal allocation to all groups,No,
40,Protocol,PMC6452278,https://www.ncbi.nlm.nih.gov/pmc/articles/PMC6452278/,"...Assuming comparable variation in adherence and alpha=.05, a sample size of 960 participants and 1:1 enrollment by race (240 in each study condition, for each racial group; approximately 480 black and 480 white patients) will be required to detect a 0.2",Equal allocation to all groups,No,
40,Results,PMC8678693,https://www.ncbi.nlm.nih.gov/pmc/articles/PMC8678693/,,Not reported,No,
41,Protocol,PMC6421712,https://www.ncbi.nlm.nih.gov/pmc/articles/PMC6421712/,"...Study participants eligible for treatment will be randomly assigned in a 1:1 allocation to one of the treatment arms using sealed, opaque sequentially- numbered envelopes prepared by persons independent of the trial....",Equal allocation to all groups,No,
41,Results,PMC8277064,https://www.ncbi.nlm.nih.gov/pmc/articles/PMC8277064/,"...Eligible participants were allocated 1:1 to either albendazole (400 mg) plus ivermectin (200 Œºg/kg body weight), or albendazole (400 mg) plus placebo....",Equal allocation to all groups,No,
42,Protocol,PMC3652773,https://www.ncbi.nlm.nih.gov/pmc/articles/PMC3652773/,,Not reported,No,
42,Results,PMC7962797,https://www.ncbi.nlm.nih.gov/pmc/articles/PMC7962797/,,Not reported,No,
43,Protocol,PMC7574300,https://www.ncbi.nlm.nih.gov/pmc/articles/PMC7574300/,...The script is set up to allocate treatment in a 1:1 ratio of active treatment or placebo in permuted blocks of four....,Equal allocation to all groups,No,
43,Results,PMC8104015,https://www.ncbi.nlm.nih.gov/pmc/articles/PMC8104015/,"...After the successful completion of screening procedures, patients were randomly assigned in a 1:1 fashion to receive IL-6RA or placebo after hospital admission....Patients were randomly assigned 1:1 to receive tocilizumab or placebo....",Equal allocation to all groups,No,
44,Protocol,PMC3189404,https://www.ncbi.nlm.nih.gov/pmc/articles/PMC3189404/,"...Recruitment for the study began initially in Belgium with a randomisation ratio of 1:1....As sufficiently high numbers of physicians were recruited in Belgium, this subsequently allowed a 3:1 randomisation ratio of benchmarked to control practices in t",Other,No,
44,Results,PMC3816864,https://www.ncbi.nlm.nih.gov/pmc/articles/PMC3816864/,"...Randomization took place in a 1:1 ratio in Belgium (where the study originated); some centers recruited 15‚Äì20 patients, rather than the expected 8‚Äì12 patients, which allowed a 3:1 randomization ratio in the other participating countries....",Other,No,
45,Protocol,PMC4464611,https://www.ncbi.nlm.nih.gov/pmc/articles/PMC4464611/,"...The study is a multicentre, cluster-randomised controlled, pragmatic trial using parallel groups with a 1:1 randomisation (on cluster level) and 12 months of follow-up....",Equal allocation to all groups,No,
45,Results,PMC6503937,https://www.ncbi.nlm.nih.gov/pmc/articles/PMC6503937/,"...A multi-centre, cluster-randomised controlled, pragmatic trial using two parallel groups with 1:1 randomisation (on a cluster level) and 12 months of follow-up was conducted....",Equal allocation to all groups,No,
46,Protocol,PMC3476981,https://www.ncbi.nlm.nih.gov/pmc/articles/PMC3476981/,"...Given an alpha of 0.05 and a power of 80% for a one-sided Chi- square test, 62 patients are needed when using a 1:1 randomization, 31 in the PEPT-group and 31 in the conventional therapy group....",Equal allocation to all groups,No,
46,Results,PMC4679993,https://www.ncbi.nlm.nih.gov/pmc/articles/PMC4679993/,"...An independent person (MR) allocated patients to one of the two treatment groups (PEPT or conventional treatment (CONV), table 1) in a 1:1 ratio using the randomisation program....Given an Œ± of 0.05 and a power of 80% for a one-sided œá2 test, 62 pati",Equal allocation to all groups,No,
47,Protocol,PMC4127193,https://www.ncbi.nlm.nih.gov/pmc/articles/PMC4127193/,,Not reported,No,
47,Results,PMC5506677,https://www.ncbi.nlm.nih.gov/pmc/articles/PMC5506677/,,Not reported,No,
48,Protocol,PMC5968465,https://www.ncbi.nlm.nih.gov/pmc/articles/PMC5968465/,"...A sample size of 220 teachers (110 teachers each in the intervention and control groups) is estimated using 90% confidence interval, 5% absolute precision with expected percentage of improvement on mental health literacy in the intervention group as 10",Equal allocation to all groups,No,
48,Results,PMC9066809,https://www.ncbi.nlm.nih.gov/pmc/articles/PMC9066809/,"...Sample size of 220 teachers (110 teachers in intervention and control group teachers each) was estimated using 90% confidence interval, 5% absolute precision with expected improvement in mental health literacy of 10% in the intervention group compared ",Equal allocation to all groups,No,
49,Protocol,PMC6935101,https://www.ncbi.nlm.nih.gov/pmc/articles/PMC6935101/,...The 1:1 randomization is stratified per centre and a computer-generated randomization list is created using a permuted block-design....,Equal allocation to all groups,No,
49,Results,PMC9171654,https://www.ncbi.nlm.nih.gov/pmc/articles/PMC9171654/,"...Immediately after signing the consent form, participants were randomly assigned using a web-based system at a 1:1 ratio....To allow for a potential 10% of people being lost to follow-up, the planned sample was 200 per group, for a total of 400....",Equal allocation to all groups,No,
50,Protocol,PMC3699393,https://www.ncbi.nlm.nih.gov/pmc/articles/PMC3699393/,"...The present trial is based on a controlled trial, including three groups of approximately 50 individuals who suffer from psychological stress: (1) the experimental group (EG), (2) the control group (CG), and (3) the waiting list (WL) group....",Equal allocation to all groups,No,
50,Results,PMC4115267,https://www.ncbi.nlm.nih.gov/pmc/articles/PMC4115267/,"...With an established alpha level of .05, 0.80 power, and a preliminary research based effect size of 0.272 (n=15, treatment vs non-treatment using the STAI Y2 score), a sample size of 30 participants for the group was enough to test the hypothesis of si",Equal allocation to all groups,No,
51,Protocol,PMC5584035,https://www.ncbi.nlm.nih.gov/pmc/articles/PMC5584035/,...Sample size and power calculations for ToV5 were based on a two-sided test of proportions and a z-statistic using the asymptotic variances of the observed proportions which assumed 1:1 randomization to vitamin D3 and placebo arms and a nominal Type I e,Equal allocation to all groups,No,
51,Results,PMC9012360,https://www.ncbi.nlm.nih.gov/pmc/articles/PMC9012360/,"...Pregnant women were randomly assigned in a 1:1 ratio to either the vitamin D3 supplementation or placebo group, stratified by the study clinic....Briefly, the trial target sample size was 2,300 pregnant women living with HIV based on power calculations",Equal allocation to all groups,No,
52,Protocol,PMC5719477,https://www.ncbi.nlm.nih.gov/pmc/articles/PMC5719477/,"...The US-based staff member maintained a computer- generated (via Microsoft Excel) 1:1 randomization sequence stratified by study compound and in blocks of 20 (i.e. each 20 assignments included 10 CETA and 10 TAU)....For 80% power at an Œ± level of 0.05,",Equal allocation to all groups,No,
52,Results,PMC7164585,https://www.ncbi.nlm.nih.gov/pmc/articles/PMC7164585/,"...Eligible couples were randomized as a unit 1:1 to either CETA or treatment as usual plus safety checks (TAU-Plus)....Three lists (1 for each study site) were maintained, each with random treatment assignments to CETA and TAU-Plus in blocks of 20 (i.e.,",Equal allocation to all groups,No,
53,Protocol,PMC3720554,https://www.ncbi.nlm.nih.gov/pmc/articles/PMC3720554/,,Not reported,No,
53,Results,PMC4371624,https://www.ncbi.nlm.nih.gov/pmc/articles/PMC4371624/,,Not reported,No,
54,Protocol,PMC4248299,https://www.ncbi.nlm.nih.gov/pmc/articles/PMC4248299/,...Patients will be randomly assigned to hip arthroscopy or physiotherapy with 1:1 allocation using a telephone system provided by the Oxford Clinical Trials Unit....,Equal allocation to all groups,No,
54,Results,PMC6365841,https://www.ncbi.nlm.nih.gov/pmc/articles/PMC6365841/,...FAIT is a two group parallel assessor blinded pragmatic randomised controlled study with 1:1 allocation....,Equal allocation to all groups,No,
55,Protocol,PMC5134092,https://www.ncbi.nlm.nih.gov/pmc/articles/PMC5134092/,"...The sample size is estimated at 4356 participants in total and is calculated on the basis of the following assumptions: 1:1 randomization, two-sided significance level of 0.05, power of 0.9, intra-cluster correlation coefficient of 0.01; and with an av",Equal allocation to all groups,No,
55,Results,PMC6714428,https://www.ncbi.nlm.nih.gov/pmc/articles/PMC6714428/,"...The estimated sample size was 4356 based on the following assumptions: 1:1 randomisation, a two-sided significance level of 0.05, an intra-cluster correlation coefficient of 0.01 [18], a power of 90% and categorical analysis with a power to detect a di",Equal allocation to all groups,No,
56,Protocol,PMC5654192,https://www.ncbi.nlm.nih.gov/pmc/articles/PMC5654192/,"...The impact of the Health Scout intervention will be assessed through a pragmatic, parallel, cluster-randomized controlled trial with an allocation ratio of 1:1 and superiority framework (Fig. 1)....",Equal allocation to all groups,No,
56,Results,PMC7787382,https://www.ncbi.nlm.nih.gov/pmc/articles/PMC7787382/,"...In brief (also see S1 CONSORT Checklist), the study was a pragmatic, parallel, cluster randomized, controlled trial with an allocation ratio of 1:1....Given the fixed sample size and desire for baseline comparability of important characteristics, we us",Equal allocation to all groups,No,
57,Protocol,PMC6887087,https://www.ncbi.nlm.nih.gov/pmc/articles/PMC6887087/,...Participants will be randomised 1:1 to either empagliflozin 25 mg or matching placebo once daily for 13 weeks....The trial medication will be randomised in computer- generated 1:1 blocks of 10 by the study pharmacy (Glostrup Pharmacy)....,Equal allocation to all groups,No,
57,Results,PMC8475664,https://www.ncbi.nlm.nih.gov/pmc/articles/PMC8475664/,...Eligible participants were randomly assigned (1:1) to either empagliflozin 25 mg once daily or a matching placebo for 13 weeks....,Equal allocation to all groups,No,
58,Protocol,PMC6327461,https://www.ncbi.nlm.nih.gov/pmc/articles/PMC6327461/,,Not reported,No,
58,Results,PMC7511540,https://www.ncbi.nlm.nih.gov/pmc/articles/PMC7511540/,,Not reported,No,
59,Protocol,PMC6647387,https://www.ncbi.nlm.nih.gov/pmc/articles/PMC6647387/,"...After at least 1 week of stable nabilone dosage, responders are randomized in a 1:1 ratio at the baseline visit (V 0) to receive either nabilone at the dosage reached during the titration phase or placebo for 4 weeks (phase 2)....Patients will be rando",Equal allocation to all groups,No,
59,Results,PMC7540547,https://www.ncbi.nlm.nih.gov/pmc/articles/PMC7540547/,"...In phase II of the study, responders were randomly assigned (1:1) to either their optimal nabilone dose as established during phase I or placebo (corn starch) of matching color and shape and supplied in identical packaging....",Equal allocation to all groups,No,
60,Protocol,PMC3567958,https://www.ncbi.nlm.nih.gov/pmc/articles/PMC3567958/,"...The intention-to- treat (ITT) analysis of 423 patients, allocated into the two treatment arms according to a randomization ratio of 1:2 (141 in the control arm and 282 in the experimental arm), will allow us to detect an absolute mean reduction of 2.1 ",Other,No,
60,Results,PMC5833494,https://www.ncbi.nlm.nih.gov/pmc/articles/PMC5833494/,"...The data coordinating center set up an internet-based computerized central randomization protocol stratified by participating center with variable length blocks, which assigned patients to the PTA or sham group in a 2:1 ratio....",Other,No,
61,Protocol,PMC6869182,https://www.ncbi.nlm.nih.gov/pmc/articles/PMC6869182/,"...Our eight study communities were randomized in a 1:1 allocation ratio to either the intervention or control arms of the study, and our study is designed on a superiority framework....",Equal allocation to all groups,No,
61,Results,PMC7439552,https://www.ncbi.nlm.nih.gov/pmc/articles/PMC7439552/,,Not reported,No,
62,Protocol,PMC4031497,https://www.ncbi.nlm.nih.gov/pmc/articles/PMC4031497/,...Allocation will be based on a 1:1 ratio between the intervention and usual care arms....,Equal allocation to all groups,No,
62,Results,PMC5152707,https://www.ncbi.nlm.nih.gov/pmc/articles/PMC5152707/,"...Patients were randomized 1:1 and dynamically stratified17 by age, sex, and site because of the known associations of age and sex with cardiovascular risk, potential unmeasured differences between sites, and the availability of these data at the time of",Equal allocation to all groups,No,
63,Protocol,PMC3179718,https://www.ncbi.nlm.nih.gov/pmc/articles/PMC3179718/,"...The allocation sequence will be computer-generated, using permuted blocks of a varying block size with equal allocation to the two arms....",Equal allocation to all groups,No,
63,Results,PMC6371462,https://www.ncbi.nlm.nih.gov/pmc/articles/PMC6371462/,,Not reported,No,
64,Protocol,PMC4672547,https://www.ncbi.nlm.nih.gov/pmc/articles/PMC4672547/,...Equal distribution of participants in the two groups on CRF is ensured by stratification on expected median with regard to scores on VO2max at baseline....,Equal allocation to all groups,Yes,
64,Results,PMC7457274,https://www.ncbi.nlm.nih.gov/pmc/articles/PMC7457274/,...Equal distribution of CRF between the two groups of participants was ensured by stratification around the expected median of baseline VO2max scores....,Equal allocation to all groups,Yes,
65,Protocol,PMC3263442,https://www.ncbi.nlm.nih.gov/pmc/articles/PMC3263442/,,Not reported,No,
65,Results,PMC4947351,https://www.ncbi.nlm.nih.gov/pmc/articles/PMC4947351/,,Not reported,No,
66,Protocol,PMC3503643,https://www.ncbi.nlm.nih.gov/pmc/articles/PMC3503643/,"...As described previously, the comparison groups comprise four intervention communities (receiving the full intervention) and four control communities (receiving only Division level elements of the intervention) (Figure 3)....",Equal allocation to all groups,No,
66,Results,PMC4243194,https://www.ncbi.nlm.nih.gov/pmc/articles/PMC4243194/,,Not reported,No,
67,Protocol,PMC5337660,https://www.ncbi.nlm.nih.gov/pmc/articles/PMC5337660/,"...A minimisation software package will be used to reduce of the risk of unmatched groups and will be applied to stratify participants according to sex and age using the following parameters: two treatment arms, e-TIS (E) and Ameli.fr (A) allocated 50/50;",Equal allocation to all groups,No,
67,Results,PMC7592285,https://www.ncbi.nlm.nih.gov/pmc/articles/PMC7592285/,...Participants were randomly assigned (1:1) to either the intervention arm (invitation to use the e-TIS app) or the control arm (current practices for smoking cessation described on a non-interactive website from the French National Mandatory Health Insu,Equal allocation to all groups,No,
68,Protocol,PMC6180640,https://www.ncbi.nlm.nih.gov/pmc/articles/PMC6180640/,"...Study patients will be randomized 1:1, using block randomization in blocks of six, to the intervention arm or standard care arm....Using an Œ± of 0.05, power of 90%, 1:1 randomization, and an uncorrected Fisher‚Äôs exact test will require a minimum sam",Equal allocation to all groups,No,
68,Results,PMC7451542,https://www.ncbi.nlm.nih.gov/pmc/articles/PMC7451542/,"...On completion of the questionnaire, study participants were then randomized 1:1 to either the intervention arm (SLATE algorithm) or standard arm (routine clinic procedures)....Using an Œ± of 0.05, power of 90%, 1:1 randomization, and an uncorrected Fis",Equal allocation to all groups,No,
69,Protocol,PMC3260439,https://www.ncbi.nlm.nih.gov/pmc/articles/PMC3260439/,,Not reported,No,
69,Results,PMC7846038,https://www.ncbi.nlm.nih.gov/pmc/articles/PMC7846038/,,Not reported,No,
70,Protocol,PMC4919867,https://www.ncbi.nlm.nih.gov/pmc/articles/PMC4919867/,...Fifty-four sub-districts will be randomly allocated in a 1:1 ratio to facility-based care plus community-based rehabilitation (intervention arm) or facility-based care alone (control arm)....,Equal allocation to all groups,No,
70,Results,PMC8938762,https://www.ncbi.nlm.nih.gov/pmc/articles/PMC8938762/,...54 subdistricts were randomised (in a 1:1 ratio) to either the intervention (CBR plus facility-based care group) or to the control group (facility-based care alone group)....,Equal allocation to all groups,No,
71,Protocol,PMC3193523,https://www.ncbi.nlm.nih.gov/pmc/articles/PMC3193523/,"...After eligibility is confirmed, participants are randomly assigned (1:1 ratio) using a web-based system to either the PA or SA intervention....",Equal allocation to all groups,No,
71,Results,PMC4266388,https://www.ncbi.nlm.nih.gov/pmc/articles/PMC4266388/,,Not reported,No,
72,Protocol,PMC6597746,https://www.ncbi.nlm.nih.gov/pmc/articles/PMC6597746/,...This can ensure the number of subjects with asthma and COPD are equal in the three groups....,Equal allocation to all groups,Yes,
72,Results,PMC8539308,https://www.ncbi.nlm.nih.gov/pmc/articles/PMC8539308/,"...With Œ± level of 0.05, power (1‚àí√ü) of 80% and assuming 80% of subjects would respond to salbutamol at the cumulative dose of 1.5 mg with GF:IF = 0.5, compared to 40% with HFNC flow of 50 L/min, 25 subjects in each group and 75 in total needed to be ",Equal allocation to all groups,No,
73,Protocol,PMC5765655,https://www.ncbi.nlm.nih.gov/pmc/articles/PMC5765655/,"...This is a single-center, single-blinded, repeated measures, randomized exploratory controlled study with parallel 1:1 allocation in which the research and care teams, including the physicians, know which patients are receiving the integrated medical ca",Equal allocation to all groups,No,
73,Results,PMC7282578,https://www.ncbi.nlm.nih.gov/pmc/articles/PMC7282578/,...The sample size for each group was determined to be 34 in the intervention to 68 in the control group....,Other,No,
74,Protocol,PMC4037747,https://www.ncbi.nlm.nih.gov/pmc/articles/PMC4037747/,...Randomization employed random blocks of 4 and 6 with a 1:1 allocation ratio....,Equal allocation to all groups,No,
74,Results,PMC7242434,https://www.ncbi.nlm.nih.gov/pmc/articles/PMC7242434/,"...In brief, in this double-blind, placebo controlled trial, patients aged 3 to 48 months with AGE presenting for ED care, were randomly assigned, in a 1:1 ratio, to receive 4.0 √ó 109 colony forming units of a L. rhamnosus R0011 and L. helveticus R0052 (",Equal allocation to all groups,No,
75,Protocol,PMC5634880,https://www.ncbi.nlm.nih.gov/pmc/articles/PMC5634880/,...Qualified patients will be randomized into either of the two groups: the QSG treatment group or the placebo group (in a 1:1 ratio)....The 200 patients will be randomly allocated in a 1:1 ratio to either the QSG treatment group or the placebo group....,Equal allocation to all groups,No,
75,Results,PMC9822771,https://www.ncbi.nlm.nih.gov/pmc/articles/PMC9822771/,"...Qualified patients were randomized in a 1:1 ratio to receive either QSG or a matching placebo for 12 weeks, twice a day, 6.8 g granules at a time....The 200 eligible patients were randomly allocated in a 1:1 ratio to either the QSG treatment group or t",Equal allocation to all groups,No,
76,Protocol,PMC4363354,https://www.ncbi.nlm.nih.gov/pmc/articles/PMC4363354/,,Not reported,No,
76,Results,PMC5873374,https://www.ncbi.nlm.nih.gov/pmc/articles/PMC5873374/,,Not reported,No,
77,Protocol,PMC4328054,https://www.ncbi.nlm.nih.gov/pmc/articles/PMC4328054/,"...Individuals who provide signed consent to participate will be randomized (1:1) to two study groups, intervention and control....",Equal allocation to all groups,No,
77,Results,PMC8538243,https://www.ncbi.nlm.nih.gov/pmc/articles/PMC8538243/,"...The participants were assigned randomly to the control group or the intervention group (1:1), using a centralized process carried out by the Research Support Unit of the IDIAP Jordi Gol based on a simple random number list generated with a computer for",Equal allocation to all groups,No,
78,Protocol,PMC7931026,https://www.ncbi.nlm.nih.gov/pmc/articles/PMC7931026/,...The allocation ratio was 1:1....,Equal allocation to all groups,No,
78,Results,PMC9225274,https://www.ncbi.nlm.nih.gov/pmc/articles/PMC9225274/,...The participants in the trial were randomly allocated to one of two parallel groups with an allocation ratio of 1:1....,Equal allocation to all groups,No,
79,Protocol,PMC4074338,https://www.ncbi.nlm.nih.gov/pmc/articles/PMC4074338/,"...Specifically, participants are told that they have an equal chance of receiving one of two psychotherapies that have yet to be formally evaluated among Latinos with LEP....",Equal allocation to all groups,Yes,
79,Results,PMC4919206,https://www.ncbi.nlm.nih.gov/pmc/articles/PMC4919206/,,Not reported,No,
80,Protocol,PMC5838559,https://www.ncbi.nlm.nih.gov/pmc/articles/PMC5838559/,"...Eligible patients will be randomly assigned to icosapent ethyl 4 g/d or placebo (light liquid paraffin, matched for color, size, shape, weight, and odor) in a 1:1 fashion....Assuming a 15% dropout rate, a total of 80 (40 per arm) patients are to be enr",Equal allocation to all groups,No,
80,Results,PMC7654934,https://www.ncbi.nlm.nih.gov/pmc/articles/PMC7654934/,...Patients were randomized 1:1 to IPE or placebo to evaluate progression rates of plaque volume on CCTA....,Equal allocation to all groups,No,
81,Protocol,PMC3039582,https://www.ncbi.nlm.nih.gov/pmc/articles/PMC3039582/,...Recruiting 60 subjects to each group will allow a 10% withdrawal or dropout rate....,Equal allocation to all groups,No,
81,Results,PMC3636795,https://www.ncbi.nlm.nih.gov/pmc/articles/PMC3636795/,...Subjects that tolerated sevelamer then underwent 1:1 randomization to continue another 36 weeks of treatment with either sevelamer or placebo with meals....For >90% power to detect an 8-g difference between groups in the change in LV mass at 5% signifi,Equal allocation to all groups,No,
82,Protocol,PMC8053307,https://www.ncbi.nlm.nih.gov/pmc/articles/PMC8053307/,...Patients will be randomly assigned in a 1:1 ratio to both arms....Eligible participants are randomised in a 1:1 ratio to either the therapy group (favipiravir) or a control group (placebo)....,Equal allocation to all groups,No,
82,Results,PMC8747778,https://www.ncbi.nlm.nih.gov/pmc/articles/PMC8747778/,...Patients were randomized in a 1:1 ratio to oral favipiravir or placebo....A one-sided test of whether the hazard ratio (HR) is 1 with an overall sample size of 576 (288 in the control group and 288 in the treatment group) achieved 90% power at a 0.025 ,Equal allocation to all groups,No,
83,Protocol,PMC5422966,https://www.ncbi.nlm.nih.gov/pmc/articles/PMC5422966/,...Randomisation will be performed as block randomisation with a 1:1 allocation and a block size that will be unknown to study personnel....,Equal allocation to all groups,No,
83,Results,PMC8820776,https://www.ncbi.nlm.nih.gov/pmc/articles/PMC8820776/,"...Participants were randomly assigned to 1 of the 2 study groups after consenting to participate with a 1:1 allocation through a computer system creating the allocation sequence with a block size of 4, unknown to personnel....",Equal allocation to all groups,No,
84,Protocol,PMC4617887,https://www.ncbi.nlm.nih.gov/pmc/articles/PMC4617887/,...Half of the patients will receive a cemented hemiarthroplasty with a modular unipolar head. The other half will receive a cemented total hip arthroplasty with a 32-mm femoral head articulating on a cemented highly cross-linked polyethylene acetabular c,Equal allocation to all groups,No,
84,Results,PMC6613852,https://www.ncbi.nlm.nih.gov/pmc/articles/PMC6613852/,...The patients were block-randomized in groups of 10 in a 1:1 ratio to receive either hemiarthroplasty or total hip arthroplasty....We planned to include 60 patients in each group (120 patients total) to allow for the loss of patients to follow-up....,Equal allocation to all groups,No,
85,Protocol,PMC4738785,https://www.ncbi.nlm.nih.gov/pmc/articles/PMC4738785/,...Sixty camps are enrolled in the trial and half are randomly assigned to the intervention arm and half to the control arm....,Equal allocation to all groups,No,
85,Results,PMC7083321,https://www.ncbi.nlm.nih.gov/pmc/articles/PMC7083321/,"...Sixty camps were enrolled in the trial; 30 were randomly assigned to the two-year intervention condition (n = 621 men) and 30 were assigned to the control (n = 637 men)....To facilitate transparency within the community, the 60 camps were randomly assi",Equal allocation to all groups,No,
86,Protocol,PMC4660775,https://www.ncbi.nlm.nih.gov/pmc/articles/PMC4660775/,"...The trial is designed as a multicenter, randomized, placebo-controlled, two- group, parallel, double-blind superiority trial of 34 participants with an allocation ratio of 1:1....",Equal allocation to all groups,No,
86,Results,PMC8899208,https://www.ncbi.nlm.nih.gov/pmc/articles/PMC8899208/,"...This trial was designed as a randomized, placebo-controlled, two-group, parallel, quadruple (participant, care provider, investigator and outcomes assessor) blind superiority trial of 36 participants with an allocation ratio of 1:1....Using G*Power 3.0",Equal allocation to all groups,No,
87,Protocol,PMC4696142,https://www.ncbi.nlm.nih.gov/pmc/articles/PMC4696142/,,Not reported,No,
87,Results,PMC5562172,https://www.ncbi.nlm.nih.gov/pmc/articles/PMC5562172/,,Not reported,No,
88,Protocol,PMC5961554,https://www.ncbi.nlm.nih.gov/pmc/articles/PMC5961554/,"...Then, each pattern of patients will randomly assigned to either a high-dose GHX02 group (1920 mg/day), standard-dose GHX02 group (960 mg/day) or control group (placebo) in a 1:1:1 allocation ratio....The estimated sample size required for this study is",Equal allocation to all groups,No,
88,Results,PMC8801800,https://www.ncbi.nlm.nih.gov/pmc/articles/PMC8801800/,"...The enrolled patients who met the eligibility criteria were stratified into acute bronchitis or AECB and randomized to parallel groups in a ratio of 1:1:1 for the high-dose GHX02 group (1920 mg/day), standard-dose GHX02 group (960 mg/day), and control ",Equal allocation to all groups,No,
89,Protocol,PMC3407514,https://www.ncbi.nlm.nih.gov/pmc/articles/PMC3407514/,"...We will randomize about 600 women (anticipated 200 per arm to each of 3 arms; control, low intensity intervention, high intensity intervention) into the study, which will allow for 10% attrition....",Equal allocation to all groups,No,
89,Results,PMC5293604,https://www.ncbi.nlm.nih.gov/pmc/articles/PMC5293604/,,Not reported,No,
90,Protocol,PMC5898565,https://www.ncbi.nlm.nih.gov/pmc/articles/PMC5898565/,...Subjects who have been recruited and consented for the study will be randomly assigned to either group in a ratio of 1:1 by means of a computer-generated random numbers (Fig. 1)....,Equal allocation to all groups,No,
90,Results,PMC6347742,https://www.ncbi.nlm.nih.gov/pmc/articles/PMC6347742/,...Subjects who were recruited and consented for the study were randomly assigned to one of the two groups in a ratio of 1:1 by means of computer-generated random numbers....,Equal allocation to all groups,No,
91,Protocol,PMC4683762,https://www.ncbi.nlm.nih.gov/pmc/articles/PMC4683762/,...One hundred participants will be allocated over 18 months to 10 groups with 10 participants in each group. Five groups will receive HAPIFED (experimental group) and five will receive CBT-E (control group)....,Equal allocation to all groups,No,
91,Results,PMC9131673,https://www.ncbi.nlm.nih.gov/pmc/articles/PMC9131673/,"...Considering attrition, the sample size was estimated to be 100 in total (50 per treatment arm)....Eligible participants were randomized into blocks of 20 (1:1 ratio) for both groups, being allocated in 10 groups with 10 participants in each interventio",Equal allocation to all groups,No,
92,Protocol,PMC6503132,https://www.ncbi.nlm.nih.gov/pmc/articles/PMC6503132/,,Not reported,No,
92,Results,PMC8228047,https://www.ncbi.nlm.nih.gov/pmc/articles/PMC8228047/,...The assignment to an experimental or a control group was randomly arrayed and balanced within each block by the RRIPP-3 statistician....,Equal allocation to all groups,No,
93,Protocol,PMC4966873,https://www.ncbi.nlm.nih.gov/pmc/articles/PMC4966873/,"...To achieve a power of 80% to detect differences from the null hypothesis, H0: Œº1 = Œº2, using a bilateral Student‚Äôs t test for two independent samples, with a significance level of 5%, we need to include 30 patients in the experimental group and 30 ",Equal allocation to all groups,No,
93,Results,PMC9224093,https://www.ncbi.nlm.nih.gov/pmc/articles/PMC9224093/,"...To achieve an 80% power to detect mean differences from the null hypothesis, H0: Œº1 = Œº2, using a bilateral Student‚Äôs t-test for two independent samples, with a significance level of 5%, an enrollment of 30 patients for each group was estimated, me",Equal allocation to all groups,No,
94,Protocol,PMC3146889,https://www.ncbi.nlm.nih.gov/pmc/articles/PMC3146889/,,Not reported,No,
94,Results,PMC4010222,https://www.ncbi.nlm.nih.gov/pmc/articles/PMC4010222/,"...Assuming a significance level of P = .05, a 1-way analysis of variance test, a variance of means (variance of the individual group means) of 3.920, a SD of 6.4, and an effect size (the index of the separation expected among the observed means) of 0.095",Equal allocation to all groups,Yes,
95,Protocol,PMC3155829,https://www.ncbi.nlm.nih.gov/pmc/articles/PMC3155829/,,Not reported,No,
95,Results,PMC5023160,https://www.ncbi.nlm.nih.gov/pmc/articles/PMC5023160/,,Not reported,No,
96,Protocol,PMC4807574,https://www.ncbi.nlm.nih.gov/pmc/articles/PMC4807574/,"...A second randomization was performed on the 12 MDTs by the methodologist to obtain the two groups: an experimental group constituted by 6 MDTs to undertake a simulation session every 6 weeks, i.e., 9 simulation sessions over 1 year, and a control group",Equal allocation to all groups,No,
96,Results,PMC6657860,https://www.ncbi.nlm.nih.gov/pmc/articles/PMC6657860/,,Not reported,No,
97,Protocol,PMC4827169,https://www.ncbi.nlm.nih.gov/pmc/articles/PMC4827169/,,Not reported,No,
97,Results,PMC6296522,https://www.ncbi.nlm.nih.gov/pmc/articles/PMC6296522/,,Not reported,No,
98,Protocol,PMC3543344,https://www.ncbi.nlm.nih.gov/pmc/articles/PMC3543344/,,Not reported,No,
98,Results,PMC5412730,https://www.ncbi.nlm.nih.gov/pmc/articles/PMC5412730/,,Not reported,No,
99,Protocol,PMC3165063,https://www.ncbi.nlm.nih.gov/pmc/articles/PMC3165063/,,Not reported,No,
99,Results,PMC6355152,https://www.ncbi.nlm.nih.gov/pmc/articles/PMC6355152/,,Not reported,No,
100,Protocol,PMC3661346,https://www.ncbi.nlm.nih.gov/pmc/articles/PMC3661346/,"...In years 2, 3, and 4 of the 5-year study (2011‚Äì2016), 8 schools will be randomly assigned to either receive the intervention (n = 4/year) or serve as the control condition (n = 4/year)....",Equal allocation to all groups,No,
100,Results,PMC6982403,https://www.ncbi.nlm.nih.gov/pmc/articles/PMC6982403/,"...The intervention was implemented across three years (2012‚àí2015), with eight schools (four intervention and four control, randomly allocated by a statistician) participating each year....",Equal allocation to all groups,No,